<?xml version="1.0" encoding="UTF-8"?>

<Basic xmlns="http://hl7.org/fhir">
  <id value="ihris-page-salary-grade"/>
  <meta>
    <profile value="http://ihris.org/fhir/StructureDefinition/ihris-page"/>
  </meta>
  <text>
    <status value="extensions"/><div xmlns="http://www.w3.org/1999/xhtml"><p><b>Generated Narrative: Basic</b><a name="ihris-page-salary-grade"> </a></p><div style="display: inline-block; background-color: #d9e0e7; padding: 6px; margin: 4px; border: 1px solid #8da1b4; border-radius: 5px; line-height: 60%"><p style="margin-bottom: 0px">Resource Basic &quot;ihris-page-salary-grade&quot; </p><p style="margin-bottom: 0px">Profile: <a href="StructureDefinition-ihris-page.html">iHRIS Page</a></p></div><blockquote><p><b>iHRIS Page Display</b></p><blockquote><p><b>url</b></p><code>resource</code></blockquote><p><b>value</b>: <a href="CodeSystem/ihris-salary-grade">CodeSystem/ihris-salary-grade</a></p><blockquote><p><b>url</b></p><code>search</code></blockquote><p><b>value</b>: Code|code</p><blockquote><p><b>url</b></p><code>search</code></blockquote><p><b>value</b>: Display|display</p></blockquote><blockquote><p><b>iHRIS Page Section</b></p><blockquote><p><b>url</b></p><code>title</code></blockquote><p><b>value</b>: Salary Grade</p><blockquote><p><b>url</b></p><code>description</code></blockquote><p><b>value</b>: Salary Grade</p><blockquote><p><b>url</b></p><code>name</code></blockquote><p><b>value</b>: CodeSystem</p><blockquote><p><b>url</b></p><code>field</code></blockquote><p><b>value</b>: CodeSystem.display</p><blockquote><p><b>url</b></p><code>field</code></blockquote><p><b>value</b>: CodeSystem.code</p><blockquote><p><b>url</b></p><code>field</code></blockquote><p><b>value</b>: CodeSystem.definition</p></blockquote><p><b>code</b>: iHRIS Page <span style="background: LightGoldenRodYellow; margin: 4px; border: 1px solid khaki"> (<a href="CodeSystem-ihris-resource-codesystem.html">Code System for iHRIS Basic Resources.</a>#page)</span></p></div>
  </text>
  <extension url="http://ihris.org/fhir/StructureDefinition/ihris-page-display">
    <extension url="resource">
      <valueReference>
        <reference value="CodeSystem/ihris-salary-grade"/>
      </valueReference>
    </extension>
    <extension url="search">
      <valueString value="Code|code"/>
    </extension>
    <extension url="search">
      <valueString value="Display|display"/>
    </extension>
  </extension>
  <extension url="http://ihris.org/fhir/StructureDefinition/ihris-page-section">
    <extension url="title">
      <valueString value="Salary Grade"/>
    </extension>
    <extension url="description">
      <valueString value="Salary Grade"/>
    </extension>
    <extension url="name">
      <valueString value="CodeSystem"/>
    </extension>
    <extension url="field">
      <valueString value="CodeSystem.display"/>
    </extension>
    <extension url="field">
      <valueString value="CodeSystem.code"/>
    </extension>
    <extension url="field">
      <valueString value="CodeSystem.definition"/>
    </extension>
  </extension>
  <code>
    <coding>
      <system value="http://ihris.org/fhir/CodeSystem/ihris-resource-codesystem"/>
      <code value="page"/>
    </coding>
  </code>
</Basic>