<?xml version="1.0" encoding="UTF-8"?>

<Basic xmlns="http://hl7.org/fhir">
  <id value="ihris-page-role"/>
  <meta>
    <profile value="http://ihris.org/fhir/StructureDefinition/ihris-page"/>
  </meta>
  <text>
    <status value="extensions"/><div xmlns="http://www.w3.org/1999/xhtml"><p><b>Generated Narrative: Basic</b><a name="ihris-page-role"> </a></p><div style="display: inline-block; background-color: #d9e0e7; padding: 6px; margin: 4px; border: 1px solid #8da1b4; border-radius: 5px; line-height: 60%"><p style="margin-bottom: 0px">Resource Basic &quot;ihris-page-role&quot; </p><p style="margin-bottom: 0px">Profile: <a href="StructureDefinition-ihris-page.html">iHRIS Page</a></p></div><blockquote><p><b>iHRIS Page Display</b></p><blockquote><p><b>url</b></p><code>resource</code></blockquote><p><b>value</b>: <a href="StructureDefinition-ihris-role.html">StructureDefinition/ihris-role</a> &quot;IhrisRole&quot;</p><blockquote><p><b>url</b></p><code>search</code></blockquote><p><b>value</b>: Id|Basic.id</p><p><b>url</b>: <code>/resource/view/basic</code></p><blockquote><p><b>url</b></p><code>link</code></blockquote><p><b>url</b>: <code>/questionnaire/ihris-role/role</code></p><blockquote><p><b>url</b></p><code>add</code></blockquote><blockquote><p><b>url</b></p><code>search</code></blockquote><p><b>value</b>: Name|Basic.extension.where(url='http://ihris.org/fhir/StructureDefinition/ihris-basic-name').valueString</p><blockquote><p><b>url</b></p><code>search</code></blockquote><p><b>value</b>: Role Reference|Basic.extension.where(url='http://ihris.org/fhir/StructureDefinition/ihris-assign-role').valueReference.reference</p><blockquote><p><b>url</b></p><code>filter</code></blockquote><p><b>value</b>: Role|Basic.extension:id:contains</p></blockquote><blockquote><p><b>iHRIS Page Section</b></p><blockquote><p><b>url</b></p><code>title</code></blockquote><p><b>value</b>: Role</p><blockquote><p><b>url</b></p><code>description</code></blockquote><p><b>value</b>: System User Role details</p><blockquote><p><b>url</b></p><code>name</code></blockquote><p><b>value</b>: Basic</p><blockquote><p><b>url</b></p><code>field</code></blockquote><p><b>value</b>: Basic.extension:name.value[x]:valueString</p><blockquote><p><b>url</b></p><code>field</code></blockquote><p><b>value</b>: Basic.extension:role.value[x]:valueReference</p><blockquote><p><b>url</b></p><code>field</code></blockquote><p><b>value</b>: Basic.extension:task.value[x]:valueReference</p><blockquote><p><b>url</b></p><code>field</code></blockquote><p><b>value</b>: Basic.extension:primary.value[x]:valueBoolean</p></blockquote><p><b>code</b>: iHRIS Page <span style="background: LightGoldenRodYellow; margin: 4px; border: 1px solid khaki"> (<a href="CodeSystem-ihris-resource-codesystem.html">Code System for iHRIS Basic Resources.</a>#page)</span></p></div>
  </text>
  <extension url="http://ihris.org/fhir/StructureDefinition/ihris-page-display">
    <extension url="resource">
      <valueReference>
        <reference value="StructureDefinition/ihris-role"/>
      </valueReference>
    </extension>
    <extension url="search">
      <valueString value="Id|Basic.id"/>
    </extension>
    <extension url="link">
      <extension url="field">
        <valueString value=""/>
      </extension>
      <extension url="url">
        <valueUrl value="/resource/view/basic"/>
      </extension>
      <extension url="text">
        <valueString value="View Other Roles"/>
      </extension>
      <extension url="button">
        <valueBoolean value="true"/>
      </extension>
      <extension url="icon">
        <valueString value="mdi-account-arrow-right"/>
      </extension>
    </extension>
    <extension url="add">
      <extension url="url">
        <valueUrl value="/questionnaire/ihris-role/role"/>
      </extension>
      <extension url="icon">
        <valueString value="mdi-account-plus"/>
      </extension>
      <extension url="class">
        <valueString value="accent"/>
      </extension>
    </extension>
    <extension url="search">
      <valueString value="Name|Basic.extension.where(url='http://ihris.org/fhir/StructureDefinition/ihris-basic-name').valueString"/>
    </extension>
    <extension url="search">
      <valueString value="Role Reference|Basic.extension.where(url='http://ihris.org/fhir/StructureDefinition/ihris-assign-role').valueReference.reference"/>
    </extension>
    <extension url="filter">
      <valueString value="Role|Basic.extension:id:contains"/>
    </extension>
  </extension>
  <extension url="http://ihris.org/fhir/StructureDefinition/ihris-page-section">
    <extension url="title">
      <valueString value="Role"/>
    </extension>
    <extension url="description">
      <valueString value="System User Role details"/>
    </extension>
    <extension url="name">
      <valueString value="Basic"/>
    </extension>
    <extension url="field">
      <valueString value="Basic.extension:name.value[x]:valueString"/>
    </extension>
    <extension url="field">
      <valueString value="Basic.extension:role.value[x]:valueReference"/>
    </extension>
    <extension url="field">
      <valueString value="Basic.extension:task.value[x]:valueReference"/>
    </extension>
    <extension url="field">
      <valueString value="Basic.extension:primary.value[x]:valueBoolean"/>
    </extension>
  </extension>
  <code>
    <coding>
      <system value="http://ihris.org/fhir/CodeSystem/ihris-resource-codesystem"/>
      <code value="page"/>
    </coding>
  </code>
</Basic>