<?xml version="1.0" encoding="UTF-8"?>

<Basic xmlns="http://hl7.org/fhir">
  <id value="ihris-role-self"/>
  <meta>
    <profile value="http://ihris.org/fhir/StructureDefinition/ihris-role"/>
  </meta>
  <text>
    <status value="extensions"/><div xmlns="http://www.w3.org/1999/xhtml"><p><b>Generated Narrative: Basic</b><a name="ihris-role-self"> </a></p><div style="display: inline-block; background-color: #d9e0e7; padding: 6px; margin: 4px; border: 1px solid #8da1b4; border-radius: 5px; line-height: 60%"><p style="margin-bottom: 0px">Resource Basic &quot;ihris-role-self&quot; </p><p style="margin-bottom: 0px">Profile: <a href="StructureDefinition-ihris-role.html">iHRIS Role</a></p></div><p><b>iHRIS Basic Name</b>: Self Service Role</p><p><b>iHRIS Role Primary</b>: false</p><p><b>iHRIS Assign Task</b>: <a href="Basic-ihris-task-read-questionnaire-resource.html">Basic/ihris-task-read-questionnaire-resource</a></p><p><b>iHRIS Assign Task</b>: <a href="Basic-ihris-task-navigation-profile.html">Basic/ihris-task-navigation-profile</a></p><p><b>iHRIS Assign Task</b>: <a href="Basic-ihris-task-navigation-leave.html">Basic/ihris-task-navigation-leave</a></p><p><b>iHRIS Assign Task</b>: <a href="Basic-ihris-task-navigation-password.html">Basic/ihris-task-navigation-password</a></p><p><b>iHRIS Assign Task</b>: <a href="Basic-ihris-task-read-ihris-page-practitioner.html">Basic/ihris-task-read-ihris-page-practitioner</a></p><p><b>iHRIS Assign Task</b>: <a href="Basic-ihris-task-read-ihris-page-practitioner-role.html">Basic/ihris-task-read-ihris-page-practitioner-role</a></p><p><b>iHRIS Assign Task</b>: <a href="Basic-ihris-task-read-code-system.html">Basic/ihris-task-read-code-system</a></p><p><b>iHRIS Assign Task</b>: <a href="Basic-ihris-task-read-value-set.html">Basic/ihris-task-read-value-set</a></p><p><b>iHRIS Assign Task</b>: <a href="Basic-ihris-task-read-location-resource.html">Basic/ihris-task-read-location-resource</a></p><p><b>iHRIS Assign Task</b>: <a href="Basic-ihris-task-read-practitioner-resource.html">Basic/ihris-task-read-practitioner-resource</a></p><p><b>iHRIS Assign Task</b>: <a href="Basic-ihris-task-read-practitioner-role-resource.html">Basic/ihris-task-read-practitioner-role-resource</a></p><p><b>iHRIS Assign Task</b>: <a href="Basic-ihris-task-write-practitioner-resource.html">Basic/ihris-task-write-practitioner-resource</a></p><p><b>iHRIS Assign Task</b>: <a href="Basic-ihris-task-read-questionnaire-response-resource.html">Basic/ihris-task-read-questionnaire-response-resource</a></p><p><b>iHRIS Assign Task</b>: <a href="Basic-ihris-task-read-basic-resource.html">Basic/ihris-task-read-basic-resource</a></p><p><b>iHRIS Assign Task</b>: <a href="Basic-ihris-task-write-questionnaire-response-resource.html">Basic/ihris-task-write-questionnaire-response-resource</a></p><p><b>iHRIS Assign Task</b>: <a href="Basic-ihris-task-write-questionnaire-resource.html">Basic/ihris-task-write-questionnaire-resource</a></p><p><b>iHRIS Assign Task</b>: <a href="Basic-ihris-task-read-questionnaire-leave.html">Basic/ihris-task-read-questionnaire-leave</a></p><p><b>iHRIS Assign Task</b>: <a href="Basic-ihris-task-write-questionnaire-leave.html">Basic/ihris-task-write-questionnaire-leave</a></p><p><b>iHRIS Assign Task</b>: <a href="Basic-ihris-task-write-basic-resource.html">Basic/ihris-task-write-basic-resource</a></p><p><b>iHRIS Assign Task</b>: <a href="Basic-ihris-task-write-questionnaire-change-password.html">Basic/ihris-task-write-questionnaire-change-password</a></p><p><b>iHRIS Assign Task</b>: <a href="Basic-ihris-task-write-person-resource.html">Basic/ihris-task-write-person-resource</a></p><p><b>code</b>: iHRIS Role <span style="background: LightGoldenRodYellow; margin: 4px; border: 1px solid khaki"> (<a href="CodeSystem-ihris-resource-codesystem.html">Code System for iHRIS Basic Resources.</a>#role)</span></p></div>
  </text>
  <extension url="http://ihris.org/fhir/StructureDefinition/ihris-basic-name">
    <valueString value="Self Service Role"/>
  </extension>
  <extension url="http://ihris.org/fhir/StructureDefinition/ihris-role-primary">
    <valueBoolean value="false"/>
  </extension>
  <extension url="http://ihris.org/fhir/StructureDefinition/ihris-assign-task">
    <valueReference>
      <reference value="Basic/ihris-task-read-questionnaire-resource"/>
    </valueReference>
  </extension>
  <extension url="http://ihris.org/fhir/StructureDefinition/ihris-assign-task">
    <valueReference>
      <reference value="Basic/ihris-task-navigation-profile"/>
    </valueReference>
  </extension>
  <extension url="http://ihris.org/fhir/StructureDefinition/ihris-assign-task">
    <valueReference>
      <reference value="Basic/ihris-task-navigation-leave"/>
    </valueReference>
  </extension>
  <extension url="http://ihris.org/fhir/StructureDefinition/ihris-assign-task">
    <valueReference>
      <reference value="Basic/ihris-task-navigation-password"/>
    </valueReference>
  </extension>
  <extension url="http://ihris.org/fhir/StructureDefinition/ihris-assign-task">
    <valueReference>
      <reference value="Basic/ihris-task-read-ihris-page-practitioner"/>
    </valueReference>
  </extension>
  <extension url="http://ihris.org/fhir/StructureDefinition/ihris-assign-task">
    <valueReference>
      <reference value="Basic/ihris-task-read-ihris-page-practitioner-role"/>
    </valueReference>
  </extension>
  <extension url="http://ihris.org/fhir/StructureDefinition/ihris-assign-task">
    <valueReference>
      <reference value="Basic/ihris-task-read-code-system"/>
    </valueReference>
  </extension>
  <extension url="http://ihris.org/fhir/StructureDefinition/ihris-assign-task">
    <valueReference>
      <reference value="Basic/ihris-task-read-value-set"/>
    </valueReference>
  </extension>
  <extension url="http://ihris.org/fhir/StructureDefinition/ihris-assign-task">
    <valueReference>
      <reference value="Basic/ihris-task-read-location-resource"/>
    </valueReference>
  </extension>
  <extension url="http://ihris.org/fhir/StructureDefinition/ihris-assign-task">
    <valueReference>
      <reference value="Basic/ihris-task-read-practitioner-resource"/>
    </valueReference>
  </extension>
  <extension url="http://ihris.org/fhir/StructureDefinition/ihris-assign-task">
    <valueReference>
      <reference value="Basic/ihris-task-read-practitioner-role-resource"/>
    </valueReference>
  </extension>
  <extension url="http://ihris.org/fhir/StructureDefinition/ihris-assign-task">
    <valueReference>
      <reference value="Basic/ihris-task-write-practitioner-resource"/>
    </valueReference>
  </extension>
  <extension url="http://ihris.org/fhir/StructureDefinition/ihris-assign-task">
    <valueReference>
      <reference value="Basic/ihris-task-read-questionnaire-response-resource"/>
    </valueReference>
  </extension>
  <extension url="http://ihris.org/fhir/StructureDefinition/ihris-assign-task">
    <valueReference>
      <reference value="Basic/ihris-task-read-basic-resource"/>
    </valueReference>
  </extension>
  <extension url="http://ihris.org/fhir/StructureDefinition/ihris-assign-task">
    <valueReference>
      <reference value="Basic/ihris-task-write-questionnaire-response-resource"/>
    </valueReference>
  </extension>
  <extension url="http://ihris.org/fhir/StructureDefinition/ihris-assign-task">
    <valueReference>
      <reference value="Basic/ihris-task-write-questionnaire-resource"/>
    </valueReference>
  </extension>
  <extension url="http://ihris.org/fhir/StructureDefinition/ihris-assign-task">
    <valueReference>
      <reference value="Basic/ihris-task-read-questionnaire-leave"/>
    </valueReference>
  </extension>
  <extension url="http://ihris.org/fhir/StructureDefinition/ihris-assign-task">
    <valueReference>
      <reference value="Basic/ihris-task-write-questionnaire-leave"/>
    </valueReference>
  </extension>
  <extension url="http://ihris.org/fhir/StructureDefinition/ihris-assign-task">
    <valueReference>
      <reference value="Basic/ihris-task-write-basic-resource"/>
    </valueReference>
  </extension>
  <extension url="http://ihris.org/fhir/StructureDefinition/ihris-assign-task">
    <valueReference>
      <reference value="Basic/ihris-task-write-questionnaire-change-password"/>
    </valueReference>
  </extension>
  <extension url="http://ihris.org/fhir/StructureDefinition/ihris-assign-task">
    <valueReference>
      <reference value="Basic/ihris-task-write-person-resource"/>
    </valueReference>
  </extension>
  <code>
    <coding>
      <system value="http://ihris.org/fhir/CodeSystem/ihris-resource-codesystem"/>
      <code value="role"/>
    </coding>
  </code>
</Basic>