<?xml version="1.0" encoding="UTF-8"?>

<Basic xmlns="http://hl7.org/fhir">
  <id value="ihris-role-open"/>
  <meta>
    <profile value="http://ihris.org/fhir/StructureDefinition/ihris-role"/>
  </meta>
  <text>
    <status value="extensions"/><div xmlns="http://www.w3.org/1999/xhtml"><p><b>Generated Narrative: Basic</b><a name="ihris-role-open"> </a></p><div style="display: inline-block; background-color: #d9e0e7; padding: 6px; margin: 4px; border: 1px solid #8da1b4; border-radius: 5px; line-height: 60%"><p style="margin-bottom: 0px">Resource Basic &quot;ihris-role-open&quot; </p><p style="margin-bottom: 0px">Profile: <a href="StructureDefinition-ihris-role.html">iHRIS Role</a></p></div><p><b>iHRIS Basic Name</b>: Open Role</p><p><b>iHRIS Role Primary</b>: true</p><p><b>iHRIS Assign Task</b>: <a href="Basic-ihris-task-read-structure-definition.html">Basic/ihris-task-read-structure-definition</a></p><p><b>iHRIS Assign Task</b>: <a href="Basic-ihris-task-read-code-system.html">Basic/ihris-task-read-code-system</a></p><p><b>iHRIS Assign Task</b>: <a href="Basic-ihris-task-read-value-set.html">Basic/ihris-task-read-value-set</a></p><p><b>iHRIS Assign Task</b>: <a href="Basic-ihris-task-read-document-reference.html">Basic/ihris-task-read-document-reference</a></p><p><b>code</b>: iHRIS Role <span style="background: LightGoldenRodYellow; margin: 4px; border: 1px solid khaki"> (<a href="CodeSystem-ihris-resource-codesystem.html">Code System for iHRIS Basic Resources.</a>#role)</span></p></div>
  </text>
  <extension url="http://ihris.org/fhir/StructureDefinition/ihris-basic-name">
    <valueString value="Open Role"/>
  </extension>
  <extension url="http://ihris.org/fhir/StructureDefinition/ihris-role-primary">
    <valueBoolean value="true"/>
  </extension>
  <extension url="http://ihris.org/fhir/StructureDefinition/ihris-assign-task">
    <valueReference>
      <reference value="Basic/ihris-task-read-structure-definition"/>
    </valueReference>
  </extension>
  <extension url="http://ihris.org/fhir/StructureDefinition/ihris-assign-task">
    <valueReference>
      <reference value="Basic/ihris-task-read-code-system"/>
    </valueReference>
  </extension>
  <extension url="http://ihris.org/fhir/StructureDefinition/ihris-assign-task">
    <valueReference>
      <reference value="Basic/ihris-task-read-value-set"/>
    </valueReference>
  </extension>
  <extension url="http://ihris.org/fhir/StructureDefinition/ihris-assign-task">
    <valueReference>
      <reference value="Basic/ihris-task-read-document-reference"/>
    </valueReference>
  </extension>
  <code>
    <coding>
      <system value="http://ihris.org/fhir/CodeSystem/ihris-resource-codesystem"/>
      <code value="role"/>
    </coding>
  </code>
</Basic>