<?xml version="1.0" encoding="UTF-8"?>

<Basic xmlns="http://hl7.org/fhir">
  <id value="ihris-page-location"/>
  <meta>
    <profile value="http://ihris.org/fhir/StructureDefinition/ihris-page"/>
  </meta>
  <text>
    <status value="extensions"/><div xmlns="http://www.w3.org/1999/xhtml"><p><b>Generated Narrative: Basic</b><a name="ihris-page-location"> </a></p><div style="display: inline-block; background-color: #d9e0e7; padding: 6px; margin: 4px; border: 1px solid #8da1b4; border-radius: 5px; line-height: 60%"><p style="margin-bottom: 0px">Resource Basic &quot;ihris-page-location&quot; </p><p style="margin-bottom: 0px">Profile: <a href="StructureDefinition-ihris-page.html">iHRIS Page</a></p></div><blockquote><p><b>iHRIS Page Display</b></p><blockquote><p><b>url</b></p><code>resource</code></blockquote><p><b>value</b>: <a href="StructureDefinition-ihris-jurisdiction.html">StructureDefinition/ihris-jurisdiction</a> &quot;IhrisJurisdiction&quot;</p><blockquote><p><b>url</b></p><code>search</code></blockquote><p><b>value</b>: Name|name</p><blockquote><p><b>url</b></p><code>search</code></blockquote><p><b>value</b>: Type|type.coding.code</p><blockquote><p><b>url</b></p><code>search</code></blockquote><p><b>value</b>: Physical Type|physicalType.text</p><blockquote><p><b>url</b></p><code>search</code></blockquote><p><b>value</b>: Jurisdiction|partOf.reference</p><blockquote><p><b>url</b></p><code>filter</code></blockquote><p><b>value</b>: Name|name:contains</p><blockquote><p><b>url</b></p><code>filter</code></blockquote><p><b>value</b>: Type|type|http://ihris.org/fhir/ValueSet/ihris-jurisdiction-type</p><blockquote><p><b>url</b></p><code>filter</code></blockquote><p><b>value</b>: Jurisdiction|partOf</p></blockquote><blockquote><p><b>iHRIS Page Section</b></p><blockquote><p><b>url</b></p><code>title</code></blockquote><p><b>value</b>: Geographical Location</p><blockquote><p><b>url</b></p><code>description</code></blockquote><p><b>value</b>: Geographical Location details</p><blockquote><p><b>url</b></p><code>name</code></blockquote><p><b>value</b>: Geographical Location</p><blockquote><p><b>url</b></p><code>field</code></blockquote><p><b>value</b>: Location.name</p><blockquote><p><b>url</b></p><code>field</code></blockquote><p><b>value</b>: Location.type</p><blockquote><p><b>url</b></p><code>field</code></blockquote><p><b>value</b>: Location.physicalType</p><blockquote><p><b>url</b></p><code>field</code></blockquote><p><b>value</b>: Location.partOf</p><blockquote><p><b>url</b></p><code>field</code></blockquote><p><b>value</b>: Location.status</p></blockquote><p><b>code</b>: iHRIS Page <span style="background: LightGoldenRodYellow; margin: 4px; border: 1px solid khaki"> (<a href="CodeSystem-ihris-resource-codesystem.html">Code System for iHRIS Basic Resources.</a>#page)</span></p></div>
  </text>
  <extension url="http://ihris.org/fhir/StructureDefinition/ihris-page-display">
    <extension url="resource">
      <valueReference>
        <reference value="StructureDefinition/ihris-jurisdiction"/>
      </valueReference>
    </extension>
    <extension url="search">
      <valueString value="Name|name"/>
    </extension>
    <extension url="search">
      <valueString value="Type|type.coding.code"/>
    </extension>
    <extension url="search">
      <valueString value="Physical Type|physicalType.text"/>
    </extension>
    <extension url="search">
      <valueString value="Jurisdiction|partOf.reference"/>
    </extension>
    <extension url="filter">
      <valueString value="Name|name:contains"/>
    </extension>
    <extension url="filter">
      <valueString value="Type|type|http://ihris.org/fhir/ValueSet/ihris-jurisdiction-type"/>
    </extension>
    <extension url="filter">
      <valueString value="Jurisdiction|partOf"/>
    </extension>
  </extension>
  <extension url="http://ihris.org/fhir/StructureDefinition/ihris-page-section">
    <extension url="title">
      <valueString value="Geographical Location"/>
    </extension>
    <extension url="description">
      <valueString value="Geographical Location details"/>
    </extension>
    <extension url="name">
      <valueString value="Geographical Location"/>
    </extension>
    <extension url="field">
      <valueString value="Location.name"/>
    </extension>
    <extension url="field">
      <valueString value="Location.type"/>
    </extension>
    <extension url="field">
      <valueString value="Location.physicalType"/>
    </extension>
    <extension url="field">
      <valueString value="Location.partOf"/>
    </extension>
    <extension url="field">
      <valueString value="Location.status"/>
    </extension>
  </extension>
  <code>
    <coding>
      <system value="http://ihris.org/fhir/CodeSystem/ihris-resource-codesystem"/>
      <code value="page"/>
    </coding>
  </code>
</Basic>