<?xml version="1.0" encoding="UTF-8"?>

<CodeSystem xmlns="http://hl7.org/fhir">
  <id value="ihris-document-category"/>
  <text>
    <status value="generated"/><div xmlns="http://www.w3.org/1999/xhtml"><p>This code system <code>http://ihris.org/fhir/CodeSystem/ihris-document-category</code> defines the following codes:</p><table class="codes"><tr><td style="white-space:nowrap"><b>Code</b></td><td><b>Display</b></td><td><b>Definition</b></td></tr><tr><td style="white-space:nowrap">open<a name="ihris-document-category-open"> </a></td><td>Open</td><td>Any one can access.</td></tr><tr><td style="white-space:nowrap">restricted<a name="ihris-document-category-restricted"> </a></td><td>Restricted</td><td>Only certain users can view.</td></tr></table></div>
  </text>
  <url value="http://ihris.org/fhir/CodeSystem/ihris-document-category"/>
  <version value="0.1.0"/>
  <name value="IhrisDocumentCategoryCodeSystem"/>
  <title value="Code system for document categories."/>
  <status value="active"/>
  <date value="2023-06-05T15:57:19+03:00"/>
  <publisher value="Luke Duncan"/>
  <contact>
    <name value="Luke Duncan"/>
    <telecom>
      <system value="email"/>
      <value value="lduncan@intrahealth.org"/>
    </telecom>
  </contact>
  <content value="complete"/>
  <count value="2"/>
  <concept>
    <code value="open"/>
    <display value="Open"/>
    <definition value="Any one can access."/>
  </concept>
  <concept>
    <code value="restricted"/>
    <display value="Restricted"/>
    <definition value="Only certain users can view."/>
  </concept>
</CodeSystem>