<?xml version="1.0" encoding="UTF-8"?>

<CodeSystem xmlns="http://hl7.org/fhir">
  <id value="ihris-task-resource"/>
  <text>
    <status value="generated"/><div xmlns="http://www.w3.org/1999/xhtml"><p>This code system <code>http://ihris.org/fhir/CodeSystem/ihris-task-resource</code> defines the following codes:</p><table class="codes"><tr><td style="white-space:nowrap"><b>Code</b></td><td><b>Display</b></td></tr><tr><td style="white-space:nowrap">*<a name="ihris-task-resource-.42"> </a></td><td>All</td></tr><tr><td style="white-space:nowrap">Practitioner<a name="ihris-task-resource-Practitioner"> </a></td><td>Practitioner</td></tr><tr><td style="white-space:nowrap">StructureDefinition<a name="ihris-task-resource-StructureDefinition"> </a></td><td>StructureDefinition</td></tr><tr><td style="white-space:nowrap">ValueSet<a name="ihris-task-resource-ValueSet"> </a></td><td>ValueSet</td></tr><tr><td style="white-space:nowrap">CodeSystem<a name="ihris-task-resource-CodeSystem"> </a></td><td>CodeSystem</td></tr><tr><td style="white-space:nowrap">Basic<a name="ihris-task-resource-Basic"> </a></td><td>Basic</td></tr><tr><td style="white-space:nowrap">DocumentReference<a name="ihris-task-resource-DocumentReference"> </a></td><td>DocumentReference</td></tr><tr><td style="white-space:nowrap">Organization<a name="ihris-task-resource-Organization"> </a></td><td>Organization</td></tr><tr><td style="white-space:nowrap">Questionnaire<a name="ihris-task-resource-Questionnaire"> </a></td><td>Questionnaire</td></tr><tr><td style="white-space:nowrap">QuestionnaireResponse<a name="ihris-task-resource-QuestionnaireResponse"> </a></td><td>QuestionnaireResponse</td></tr><tr><td style="white-space:nowrap">PractitionerRole<a name="ihris-task-resource-PractitionerRole"> </a></td><td>PractitionerRole</td></tr><tr><td style="white-space:nowrap">Location<a name="ihris-task-resource-Location"> </a></td><td>Location</td></tr><tr><td style="white-space:nowrap">Person<a name="ihris-task-resource-Person"> </a></td><td>Person</td></tr><tr><td style="white-space:nowrap">navigation<a name="ihris-task-resource-navigation"> </a></td><td>Navigation</td></tr><tr><td style="white-space:nowrap">section<a name="ihris-task-resource-section"> </a></td><td>Page Section</td></tr></table></div>
  </text>
  <url value="http://ihris.org/fhir/CodeSystem/ihris-task-resource"/>
  <version value="0.1.0"/>
  <name value="IhrisTaskResourceCodeSystem"/>
  <title value="Code system for task permissions."/>
  <status value="active"/>
  <date value="2021-03-26T09:25:04.362Z"/>
  <publisher value="Luke Duncan"/>
  <contact>
    <name value="Luke Duncan"/>
    <telecom>
      <system value="email"/>
      <value value="lduncan@intrahealth.org"/>
    </telecom>
  </contact>
  <content value="complete"/>
  <count value="15"/>
  <concept>
    <code value="*"/>
    <display value="All"/>
  </concept>
  <concept>
    <code value="Practitioner"/>
    <display value="Practitioner"/>
  </concept>
  <concept>
    <code value="StructureDefinition"/>
    <display value="StructureDefinition"/>
  </concept>
  <concept>
    <code value="ValueSet"/>
    <display value="ValueSet"/>
  </concept>
  <concept>
    <code value="CodeSystem"/>
    <display value="CodeSystem"/>
  </concept>
  <concept>
    <code value="Basic"/>
    <display value="Basic"/>
  </concept>
  <concept>
    <code value="DocumentReference"/>
    <display value="DocumentReference"/>
  </concept>
  <concept>
    <code value="Organization"/>
    <display value="Organization"/>
  </concept>
  <concept>
    <code value="Questionnaire"/>
    <display value="Questionnaire"/>
  </concept>
  <concept>
    <code value="QuestionnaireResponse"/>
    <display value="QuestionnaireResponse"/>
  </concept>
  <concept>
    <code value="PractitionerRole"/>
    <display value="PractitionerRole"/>
  </concept>
  <concept>
    <code value="Location"/>
    <display value="Location"/>
  </concept>
  <concept>
    <code value="Person"/>
    <display value="Person"/>
  </concept>
  <concept>
    <code value="navigation"/>
    <display value="Navigation"/>
  </concept>
  <concept>
    <code value="section"/>
    <display value="Page Section"/>
  </concept>
</CodeSystem>