<?xml version="1.0" encoding="UTF-8"?>

<ImplementationGuide xmlns="http://hl7.org/fhir">
  <id value="ihris"/>
  <text>
    <status value="extensions"/><div xmlns="http://www.w3.org/1999/xhtml"><h2>iHRIS</h2><p>The official URL for this implementation guide is: </p><pre>http://ihris.org/fhir/ImplementationGuide/ihris</pre><div><p>Conformance resources that define the base installation of iHRIS 5</p>
</div></div>
  </text>
  <url value="http://ihris.org/fhir/ImplementationGuide/ihris"/>
  <version value="0.1.0"/>
  <name value="iHRIS"/>
  <status value="active"/>
  <date value="2023-06-05T15:57:19+03:00"/>
  <publisher value="Luke Duncan"/>
  <contact>
    <name value="Luke Duncan"/>
    <telecom>
      <system value="email"/>
      <value value="lduncan@intrahealth.org"/>
    </telecom>
  </contact>
  <description value="Conformance resources that define the base installation of iHRIS 5"/>
  <packageId value="ihris"/>
  <license value="CC0-1.0"/>
  <fhirVersion value="4.0.1"/>
  <dependsOn id="hl7tx">
    <extension url="http://hl7.org/fhir/tools/StructureDefinition/implementationguide-dependency-comment">
      <valueMarkdown value="Automatically added as a dependency - all IGs depend on HL7 Terminology"/>
    </extension>
    <uri value="http://terminology.hl7.org/ImplementationGuide/hl7.terminology"/>
    <packageId value="hl7.terminology.r4"/>
    <version value="5.0.0"/>
  </dependsOn>
  <dependsOn id="hl7ext">
    <extension url="http://hl7.org/fhir/tools/StructureDefinition/implementationguide-dependency-comment">
      <valueMarkdown value="Automatically added as a dependency - all IGs depend on the HL7 Extension Pack"/>
    </extension>
    <uri value="http://hl7.org/fhir/extensions/ImplementationGuide/hl7.fhir.uv.extensions"/>
    <packageId value="hl7.fhir.uv.extensions.r4"/>
    <version value="1.0.0"/>
  </dependsOn>
  <definition>
    <extension url="http://hl7.org/fhir/tools/StructureDefinition/ig-parameter">
      <extension url="code">
        <valueString value="copyrightyear"/>
      </extension>
      <extension url="value">
        <valueString value="2020+"/>
      </extension>
    </extension>
    <extension url="http://hl7.org/fhir/tools/StructureDefinition/ig-parameter">
      <extension url="code">
        <valueString value="releaselabel"/>
      </extension>
      <extension url="value">
        <valueString value="ci-build"/>
      </extension>
    </extension>
    <extension url="http://hl7.org/fhir/tools/StructureDefinition/ig-parameter">
      <extension url="code">
        <valueString value="show-inherited-invariants"/>
      </extension>
      <extension url="value">
        <valueString value="false"/>
      </extension>
    </extension>
    <extension url="http://hl7.org/fhir/tools/StructureDefinition/ig-parameter">
      <extension url="code">
        <valueString value="autoload-resources"/>
      </extension>
      <extension url="value">
        <valueString value="true"/>
      </extension>
    </extension>
    <extension url="http://hl7.org/fhir/tools/StructureDefinition/ig-parameter">
      <extension url="code">
        <valueString value="path-liquid"/>
      </extension>
      <extension url="value">
        <valueString value="template/liquid"/>
      </extension>
    </extension>
    <extension url="http://hl7.org/fhir/tools/StructureDefinition/ig-parameter">
      <extension url="code">
        <valueString value="path-liquid"/>
      </extension>
      <extension url="value">
        <valueString value="input/liquid"/>
      </extension>
    </extension>
    <extension url="http://hl7.org/fhir/tools/StructureDefinition/ig-parameter">
      <extension url="code">
        <valueString value="path-qa"/>
      </extension>
      <extension url="value">
        <valueString value="temp/qa"/>
      </extension>
    </extension>
    <extension url="http://hl7.org/fhir/tools/StructureDefinition/ig-parameter">
      <extension url="code">
        <valueString value="path-temp"/>
      </extension>
      <extension url="value">
        <valueString value="temp/pages"/>
      </extension>
    </extension>
    <extension url="http://hl7.org/fhir/tools/StructureDefinition/ig-parameter">
      <extension url="code">
        <valueString value="path-output"/>
      </extension>
      <extension url="value">
        <valueString value="output"/>
      </extension>
    </extension>
    <extension url="http://hl7.org/fhir/tools/StructureDefinition/ig-parameter">
      <extension url="code">
        <valueString value="path-suppressed-warnings"/>
      </extension>
      <extension url="value">
        <valueString value="input/ignoreWarnings.txt"/>
      </extension>
    </extension>
    <extension url="http://hl7.org/fhir/tools/StructureDefinition/ig-parameter">
      <extension url="code">
        <valueString value="path-history"/>
      </extension>
      <extension url="value">
        <valueString value="http://ihris.org/fhir/history.html"/>
      </extension>
    </extension>
    <extension url="http://hl7.org/fhir/tools/StructureDefinition/ig-parameter">
      <extension url="code">
        <valueString value="template-html"/>
      </extension>
      <extension url="value">
        <valueString value="template-page.html"/>
      </extension>
    </extension>
    <extension url="http://hl7.org/fhir/tools/StructureDefinition/ig-parameter">
      <extension url="code">
        <valueString value="template-md"/>
      </extension>
      <extension url="value">
        <valueString value="template-page-md.html"/>
      </extension>
    </extension>
    <extension url="http://hl7.org/fhir/tools/StructureDefinition/ig-parameter">
      <extension url="code">
        <valueString value="apply-contact"/>
      </extension>
      <extension url="value">
        <valueString value="true"/>
      </extension>
    </extension>
    <extension url="http://hl7.org/fhir/tools/StructureDefinition/ig-parameter">
      <extension url="code">
        <valueString value="apply-context"/>
      </extension>
      <extension url="value">
        <valueString value="true"/>
      </extension>
    </extension>
    <extension url="http://hl7.org/fhir/tools/StructureDefinition/ig-parameter">
      <extension url="code">
        <valueString value="apply-copyright"/>
      </extension>
      <extension url="value">
        <valueString value="true"/>
      </extension>
    </extension>
    <extension url="http://hl7.org/fhir/tools/StructureDefinition/ig-parameter">
      <extension url="code">
        <valueString value="apply-jurisdiction"/>
      </extension>
      <extension url="value">
        <valueString value="true"/>
      </extension>
    </extension>
    <extension url="http://hl7.org/fhir/tools/StructureDefinition/ig-parameter">
      <extension url="code">
        <valueString value="apply-license"/>
      </extension>
      <extension url="value">
        <valueString value="true"/>
      </extension>
    </extension>
    <extension url="http://hl7.org/fhir/tools/StructureDefinition/ig-parameter">
      <extension url="code">
        <valueString value="apply-publisher"/>
      </extension>
      <extension url="value">
        <valueString value="true"/>
      </extension>
    </extension>
    <extension url="http://hl7.org/fhir/tools/StructureDefinition/ig-parameter">
      <extension url="code">
        <valueString value="apply-version"/>
      </extension>
      <extension url="value">
        <valueString value="true"/>
      </extension>
    </extension>
    <extension url="http://hl7.org/fhir/tools/StructureDefinition/ig-parameter">
      <extension url="code">
        <valueString value="active-tables"/>
      </extension>
      <extension url="value">
        <valueString value="true"/>
      </extension>
    </extension>
    <extension url="http://hl7.org/fhir/tools/StructureDefinition/ig-parameter">
      <extension url="code">
        <valueString value="fmm-definition"/>
      </extension>
      <extension url="value">
        <valueString value="http://hl7.org/fhir/versions.html#maturity"/>
      </extension>
    </extension>
    <extension url="http://hl7.org/fhir/tools/StructureDefinition/ig-parameter">
      <extension url="code">
        <valueString value="propagate-status"/>
      </extension>
      <extension url="value">
        <valueString value="true"/>
      </extension>
    </extension>
    <extension url="http://hl7.org/fhir/tools/StructureDefinition/ig-parameter">
      <extension url="code">
        <valueString value="excludelogbinaryformat"/>
      </extension>
      <extension url="value">
        <valueString value="true"/>
      </extension>
    </extension>
    <extension url="http://hl7.org/fhir/tools/StructureDefinition/ig-parameter">
      <extension url="code">
        <valueString value="tabbed-snapshots"/>
      </extension>
      <extension url="value">
        <valueString value="true"/>
      </extension>
    </extension>
    <extension url="http://hl7.org/fhir/tools/StructureDefinition/ig-internal-dependency">
      <valueCode value="hl7.fhir.uv.tools#current"/>
    </extension>
    <extension url="http://hl7.org/fhir/tools/StructureDefinition/ig-parameter">
      <extension url="code">
        <valueCode value="copyrightyear"/>
      </extension>
      <extension url="value">
        <valueString value="2020+"/>
      </extension>
    </extension>
    <extension url="http://hl7.org/fhir/tools/StructureDefinition/ig-parameter">
      <extension url="code">
        <valueCode value="releaselabel"/>
      </extension>
      <extension url="value">
        <valueString value="ci-build"/>
      </extension>
    </extension>
    <extension url="http://hl7.org/fhir/tools/StructureDefinition/ig-parameter">
      <extension url="code">
        <valueCode value="show-inherited-invariants"/>
      </extension>
      <extension url="value">
        <valueString value="false"/>
      </extension>
    </extension>
    <extension url="http://hl7.org/fhir/tools/StructureDefinition/ig-parameter">
      <extension url="code">
        <valueCode value="autoload-resources"/>
      </extension>
      <extension url="value">
        <valueString value="true"/>
      </extension>
    </extension>
    <extension url="http://hl7.org/fhir/tools/StructureDefinition/ig-parameter">
      <extension url="code">
        <valueCode value="path-liquid"/>
      </extension>
      <extension url="value">
        <valueString value="template/liquid"/>
      </extension>
    </extension>
    <extension url="http://hl7.org/fhir/tools/StructureDefinition/ig-parameter">
      <extension url="code">
        <valueCode value="path-liquid"/>
      </extension>
      <extension url="value">
        <valueString value="input/liquid"/>
      </extension>
    </extension>
    <extension url="http://hl7.org/fhir/tools/StructureDefinition/ig-parameter">
      <extension url="code">
        <valueCode value="path-qa"/>
      </extension>
      <extension url="value">
        <valueString value="temp/qa"/>
      </extension>
    </extension>
    <extension url="http://hl7.org/fhir/tools/StructureDefinition/ig-parameter">
      <extension url="code">
        <valueCode value="path-temp"/>
      </extension>
      <extension url="value">
        <valueString value="temp/pages"/>
      </extension>
    </extension>
    <extension url="http://hl7.org/fhir/tools/StructureDefinition/ig-parameter">
      <extension url="code">
        <valueCode value="path-output"/>
      </extension>
      <extension url="value">
        <valueString value="output"/>
      </extension>
    </extension>
    <extension url="http://hl7.org/fhir/tools/StructureDefinition/ig-parameter">
      <extension url="code">
        <valueCode value="path-suppressed-warnings"/>
      </extension>
      <extension url="value">
        <valueString value="input/ignoreWarnings.txt"/>
      </extension>
    </extension>
    <extension url="http://hl7.org/fhir/tools/StructureDefinition/ig-parameter">
      <extension url="code">
        <valueCode value="path-history"/>
      </extension>
      <extension url="value">
        <valueString value="http://ihris.org/fhir/history.html"/>
      </extension>
    </extension>
    <extension url="http://hl7.org/fhir/tools/StructureDefinition/ig-parameter">
      <extension url="code">
        <valueCode value="template-html"/>
      </extension>
      <extension url="value">
        <valueString value="template-page.html"/>
      </extension>
    </extension>
    <extension url="http://hl7.org/fhir/tools/StructureDefinition/ig-parameter">
      <extension url="code">
        <valueCode value="template-md"/>
      </extension>
      <extension url="value">
        <valueString value="template-page-md.html"/>
      </extension>
    </extension>
    <extension url="http://hl7.org/fhir/tools/StructureDefinition/ig-parameter">
      <extension url="code">
        <valueCode value="apply-contact"/>
      </extension>
      <extension url="value">
        <valueString value="true"/>
      </extension>
    </extension>
    <extension url="http://hl7.org/fhir/tools/StructureDefinition/ig-parameter">
      <extension url="code">
        <valueCode value="apply-context"/>
      </extension>
      <extension url="value">
        <valueString value="true"/>
      </extension>
    </extension>
    <extension url="http://hl7.org/fhir/tools/StructureDefinition/ig-parameter">
      <extension url="code">
        <valueCode value="apply-copyright"/>
      </extension>
      <extension url="value">
        <valueString value="true"/>
      </extension>
    </extension>
    <extension url="http://hl7.org/fhir/tools/StructureDefinition/ig-parameter">
      <extension url="code">
        <valueCode value="apply-jurisdiction"/>
      </extension>
      <extension url="value">
        <valueString value="true"/>
      </extension>
    </extension>
    <extension url="http://hl7.org/fhir/tools/StructureDefinition/ig-parameter">
      <extension url="code">
        <valueCode value="apply-license"/>
      </extension>
      <extension url="value">
        <valueString value="true"/>
      </extension>
    </extension>
    <extension url="http://hl7.org/fhir/tools/StructureDefinition/ig-parameter">
      <extension url="code">
        <valueCode value="apply-publisher"/>
      </extension>
      <extension url="value">
        <valueString value="true"/>
      </extension>
    </extension>
    <extension url="http://hl7.org/fhir/tools/StructureDefinition/ig-parameter">
      <extension url="code">
        <valueCode value="apply-version"/>
      </extension>
      <extension url="value">
        <valueString value="true"/>
      </extension>
    </extension>
    <extension url="http://hl7.org/fhir/tools/StructureDefinition/ig-parameter">
      <extension url="code">
        <valueCode value="active-tables"/>
      </extension>
      <extension url="value">
        <valueString value="true"/>
      </extension>
    </extension>
    <extension url="http://hl7.org/fhir/tools/StructureDefinition/ig-parameter">
      <extension url="code">
        <valueCode value="fmm-definition"/>
      </extension>
      <extension url="value">
        <valueString value="http://hl7.org/fhir/versions.html#maturity"/>
      </extension>
    </extension>
    <extension url="http://hl7.org/fhir/tools/StructureDefinition/ig-parameter">
      <extension url="code">
        <valueCode value="propagate-status"/>
      </extension>
      <extension url="value">
        <valueString value="true"/>
      </extension>
    </extension>
    <extension url="http://hl7.org/fhir/tools/StructureDefinition/ig-parameter">
      <extension url="code">
        <valueCode value="excludelogbinaryformat"/>
      </extension>
      <extension url="value">
        <valueString value="true"/>
      </extension>
    </extension>
    <extension url="http://hl7.org/fhir/tools/StructureDefinition/ig-parameter">
      <extension url="code">
        <valueCode value="tabbed-snapshots"/>
      </extension>
      <extension url="value">
        <valueString value="true"/>
      </extension>
    </extension>
    <resource>
      <extension url="http://hl7.org/fhir/tools/StructureDefinition/resource-information">
        <valueString value="StructureDefinition:resource"/>
      </extension>
      <reference>
        <reference value="StructureDefinition/ihris-auditevent"/>
      </reference>
      <name value="iHRIS Audit Event"/>
      <description value="iHRIS profile for AuditEvent"/>
      <exampleBoolean value="false"/>
    </resource>
    <resource>
      <extension url="http://hl7.org/fhir/tools/StructureDefinition/resource-information">
        <valueString value="StructureDefinition:resource"/>
      </extension>
      <reference>
        <reference value="StructureDefinition/ihris-dashboard"/>
      </reference>
      <name value="iHRIS Dashboard"/>
      <description value="iHRIS Profile of the Basic resource to manage dashboards."/>
      <exampleBoolean value="false"/>
    </resource>
    <resource>
      <extension url="http://hl7.org/fhir/tools/StructureDefinition/resource-information">
        <valueString value="StructureDefinition:resource"/>
      </extension>
      <reference>
        <reference value="StructureDefinition/ihris-data-visualization"/>
      </reference>
      <name value="iHRIS Data Visualizer"/>
      <description value="iHRIS Profile of the Basic resource to manage visualizations."/>
      <exampleBoolean value="false"/>
    </resource>
    <resource>
      <extension url="http://hl7.org/fhir/tools/StructureDefinition/resource-information">
        <valueString value="StructureDefinition:resource"/>
      </extension>
      <reference>
        <reference value="StructureDefinition/ihris-document"/>
      </reference>
      <name value="iHRIS Document"/>
      <description value="iHRIS Profile of the DocumentReference resource to manage static documents."/>
      <exampleBoolean value="false"/>
    </resource>
    <resource>
      <extension url="http://hl7.org/fhir/tools/StructureDefinition/resource-information">
        <valueString value="StructureDefinition:resource"/>
      </extension>
      <reference>
        <reference value="StructureDefinition/ihris-facility"/>
      </reference>
      <name value="iHRIS Facility"/>
      <description value="iHRIS Profile of Locations to manage facilities."/>
      <exampleBoolean value="false"/>
    </resource>
    <resource>
      <extension url="http://hl7.org/fhir/tools/StructureDefinition/resource-information">
        <valueString value="StructureDefinition:resource"/>
      </extension>
      <reference>
        <reference value="StructureDefinition/ihris-jurisdiction"/>
      </reference>
      <name value="Jurisdiction"/>
      <description value="iHRIS Profile of Locations to manage jurisdictions."/>
      <exampleBoolean value="false"/>
    </resource>
    <resource>
      <extension url="http://hl7.org/fhir/tools/StructureDefinition/resource-information">
        <valueString value="StructureDefinition:resource"/>
      </extension>
      <reference>
        <reference value="StructureDefinition/ihris-module"/>
      </reference>
      <name value="iHRIS Module"/>
      <description value="iHRIS profile of Library resource to manage modules."/>
      <exampleBoolean value="false"/>
    </resource>
    <resource>
      <extension url="http://hl7.org/fhir/tools/StructureDefinition/resource-information">
        <valueString value="StructureDefinition:resource"/>
      </extension>
      <reference>
        <reference value="StructureDefinition/ihris-page"/>
      </reference>
      <name value="iHRIS Page"/>
      <description value="iHRIS Profile of the Basic resource to manage pages."/>
      <exampleBoolean value="false"/>
    </resource>
    <resource>
      <extension url="http://hl7.org/fhir/tools/StructureDefinition/resource-information">
        <valueString value="StructureDefinition:resource"/>
      </extension>
      <reference>
        <reference value="StructureDefinition/ihris-parameters-local-config"/>
      </reference>
      <name value="iHRIS Parameters Local Config"/>
      <description value="Configuration Parameters to be loaded from a local file for iHRIS."/>
      <exampleBoolean value="false"/>
    </resource>
    <resource>
      <extension url="http://hl7.org/fhir/tools/StructureDefinition/resource-information">
        <valueString value="StructureDefinition:resource"/>
      </extension>
      <reference>
        <reference value="StructureDefinition/ihris-parameters-remote-config"/>
      </reference>
      <name value="iHRIS Parameters Remote Config"/>
      <description value="Configuration Parameters to be loaded from a remote file for iHRIS."/>
      <exampleBoolean value="false"/>
    </resource>
    <resource>
      <extension url="http://hl7.org/fhir/tools/StructureDefinition/resource-information">
        <valueString value="StructureDefinition:resource"/>
      </extension>
      <reference>
        <reference value="StructureDefinition/ihris-practitioner"/>
      </reference>
      <name value="iHRIS Practitioner"/>
      <description value="iHRIS profile of Practitioner."/>
      <exampleBoolean value="false"/>
    </resource>
    <resource>
      <extension url="http://hl7.org/fhir/tools/StructureDefinition/resource-information">
        <valueString value="StructureDefinition:resource"/>
      </extension>
      <reference>
        <reference value="StructureDefinition/ihris-practitioner-role"/>
      </reference>
      <name value="iHRIS Practitioner Role"/>
      <description value="iHRIS profile of Practitioner Role."/>
      <exampleBoolean value="false"/>
    </resource>
    <resource>
      <extension url="http://hl7.org/fhir/tools/StructureDefinition/resource-information">
        <valueString value="StructureDefinition:resource"/>
      </extension>
      <reference>
        <reference value="StructureDefinition/ihris-questionnaire"/>
      </reference>
      <name value="iHRIS Questionnaire"/>
      <description value="iHRIS Profile of the Questionnaire resource for data entry and validation."/>
      <exampleBoolean value="false"/>
    </resource>
    <resource>
      <extension url="http://hl7.org/fhir/tools/StructureDefinition/resource-information">
        <valueString value="StructureDefinition:resource"/>
      </extension>
      <reference>
        <reference value="StructureDefinition/iHRISRelationship"/>
      </reference>
      <name value="iHRIS Resources Relationship Profile"/>
      <description value="iHRIS Resources Relationship Profile"/>
      <exampleBoolean value="false"/>
    </resource>
    <resource>
      <extension url="http://hl7.org/fhir/tools/StructureDefinition/resource-information">
        <valueString value="StructureDefinition:resource"/>
      </extension>
      <reference>
        <reference value="StructureDefinition/ihris-report"/>
      </reference>
      <name value="iHRIS Report"/>
      <description value="iHRIS Profile of the Basic resource to manage reports."/>
      <exampleBoolean value="false"/>
    </resource>
    <resource>
      <extension url="http://hl7.org/fhir/tools/StructureDefinition/resource-information">
        <valueString value="StructureDefinition:resource"/>
      </extension>
      <reference>
        <reference value="StructureDefinition/ihris-role"/>
      </reference>
      <name value="iHRIS Role"/>
      <description value="iHRIS Profile of the Basic resource to manage roles."/>
      <exampleBoolean value="false"/>
    </resource>
    <resource>
      <extension url="http://hl7.org/fhir/tools/StructureDefinition/resource-information">
        <valueString value="StructureDefinition:resource"/>
      </extension>
      <reference>
        <reference value="StructureDefinition/ihris-task"/>
      </reference>
      <name value="iHRIS Task"/>
      <description value="iHRIS Profile of the Basic resource to manage tasks."/>
      <exampleBoolean value="false"/>
    </resource>
    <resource>
      <extension url="http://hl7.org/fhir/tools/StructureDefinition/resource-information">
        <valueString value="StructureDefinition:extension"/>
      </extension>
      <reference>
        <reference value="StructureDefinition/composite-task"/>
      </reference>
      <name value="Composite Task"/>
      <description value="Tasks Inheritance"/>
      <exampleBoolean value="false"/>
    </resource>
    <resource>
      <extension url="http://hl7.org/fhir/tools/StructureDefinition/resource-information">
        <valueString value="StructureDefinition:extension"/>
      </extension>
      <reference>
        <reference value="StructureDefinition/ihris-assign-role"/>
      </reference>
      <name value="iHRIS Assign Role"/>
      <description value="iHRIS Assign Role to a user or other role."/>
      <exampleBoolean value="false"/>
    </resource>
    <resource>
      <extension url="http://hl7.org/fhir/tools/StructureDefinition/resource-information">
        <valueString value="StructureDefinition:extension"/>
      </extension>
      <reference>
        <reference value="StructureDefinition/ihris-assign-task"/>
      </reference>
      <name value="iHRIS Assign Task"/>
      <description value="iHRIS Assign Task to a user or other task."/>
      <exampleBoolean value="false"/>
    </resource>
    <resource>
      <extension url="http://hl7.org/fhir/tools/StructureDefinition/resource-information">
        <valueString value="StructureDefinition:extension"/>
      </extension>
      <reference>
        <reference value="StructureDefinition/ihris-basic-name"/>
      </reference>
      <name value="iHRIS Basic Name"/>
      <description value="iHRIS name field for basic resources."/>
      <exampleBoolean value="false"/>
    </resource>
    <resource>
      <extension url="http://hl7.org/fhir/tools/StructureDefinition/resource-information">
        <valueString value="StructureDefinition:extension"/>
      </extension>
      <reference>
        <reference value="StructureDefinition/ihris-dashboard-visualization"/>
      </reference>
      <name value="iHRIS Dashboard Visualization"/>
      <description value="iHRIS Dashboard Visualization"/>
      <exampleBoolean value="false"/>
    </resource>
    <resource>
      <extension url="http://hl7.org/fhir/tools/StructureDefinition/resource-information">
        <valueString value="StructureDefinition:extension"/>
      </extension>
      <reference>
        <reference value="StructureDefinition/ihris-facility-information-details"/>
      </reference>
      <name value="Ihris Facility Information Details"/>
      <description value="Defines the primary resource of the facility information "/>
      <exampleBoolean value="false"/>
    </resource>
    <resource>
      <extension url="http://hl7.org/fhir/tools/StructureDefinition/resource-information">
        <valueString value="StructureDefinition:extension"/>
      </extension>
      <reference>
        <reference value="StructureDefinition/ihris-facility-ownership-prefix"/>
      </reference>
      <name value="iHRIS facility ownership type"/>
      <description value="iHRIS extension for Personal Prefix."/>
      <exampleBoolean value="false"/>
    </resource>
    <resource>
      <extension url="http://hl7.org/fhir/tools/StructureDefinition/resource-information">
        <valueString value="StructureDefinition:extension"/>
      </extension>
      <reference>
        <reference value="StructureDefinition/ihris-page-display"/>
      </reference>
      <name value="iHRIS Page Display"/>
      <description value="iHRIS Page Display details."/>
      <exampleBoolean value="false"/>
    </resource>
    <resource>
      <extension url="http://hl7.org/fhir/tools/StructureDefinition/resource-information">
        <valueString value="StructureDefinition:extension"/>
      </extension>
      <reference>
        <reference value="StructureDefinition/ihris-page-section"/>
      </reference>
      <name value="iHRIS Page Section"/>
      <description value="iHRIS Page Section information."/>
      <exampleBoolean value="false"/>
    </resource>
    <resource>
      <extension url="http://hl7.org/fhir/tools/StructureDefinition/resource-information">
        <valueString value="StructureDefinition:extension"/>
      </extension>
      <reference>
        <reference value="StructureDefinition/ihris-practitioner-dependent-detail"/>
      </reference>
      <name value="iHRIS Practitioner Dependent Detail"/>
      <description value="iHRIS extension for Practitioner Dependent Detail."/>
      <exampleBoolean value="false"/>
    </resource>
    <resource>
      <extension url="http://hl7.org/fhir/tools/StructureDefinition/resource-information">
        <valueString value="StructureDefinition:extension"/>
      </extension>
      <reference>
        <reference value="StructureDefinition/ihris-practitioner-dependents"/>
      </reference>
      <name value="iHRIS Practitioner Dependents"/>
      <description value="iHRIS extension for Practitioner number of dependents."/>
      <exampleBoolean value="false"/>
    </resource>
    <resource>
      <extension url="http://hl7.org/fhir/tools/StructureDefinition/resource-information">
        <valueString value="StructureDefinition:extension"/>
      </extension>
      <reference>
        <reference value="StructureDefinition/ihris-practitioner-language-proficiency"/>
      </reference>
      <name value="iHRIS Practitioner Language Proficiency"/>
      <description value="iHRIS extension for Practitioner Language Proficiency."/>
      <exampleBoolean value="false"/>
    </resource>
    <resource>
      <extension url="http://hl7.org/fhir/tools/StructureDefinition/resource-information">
        <valueString value="StructureDefinition:extension"/>
      </extension>
      <reference>
        <reference value="StructureDefinition/ihris-practitioner-marital-status"/>
      </reference>
      <name value="iHRIS Practitioner Marital Status"/>
      <description value="iHRIS extension for Practitioner marital status."/>
      <exampleBoolean value="false"/>
    </resource>
    <resource>
      <extension url="http://hl7.org/fhir/tools/StructureDefinition/resource-information">
        <valueString value="StructureDefinition:extension"/>
      </extension>
      <reference>
        <reference value="StructureDefinition/ihris-practitioner-nationality"/>
      </reference>
      <name value="iHRIS Practitioner Nationality"/>
      <description value="iHRIS extension for Practitioner nationality."/>
      <exampleBoolean value="false"/>
    </resource>
    <resource>
      <extension url="http://hl7.org/fhir/tools/StructureDefinition/resource-information">
        <valueString value="StructureDefinition:extension"/>
      </extension>
      <reference>
        <reference value="StructureDefinition/ihris-practitioner-residence"/>
      </reference>
      <name value="iHRIS Practitioner Residence"/>
      <description value="iHRIS extension for Practitioner residence."/>
      <exampleBoolean value="false"/>
    </resource>
    <resource>
      <extension url="http://hl7.org/fhir/tools/StructureDefinition/resource-information">
        <valueString value="StructureDefinition:extension"/>
      </extension>
      <reference>
        <reference value="StructureDefinition/iHRISReportDetails"/>
      </reference>
      <name value="Details of a report"/>
      <description value="Defines the primary resource of the relationship"/>
      <exampleBoolean value="false"/>
    </resource>
    <resource>
      <extension url="http://hl7.org/fhir/tools/StructureDefinition/resource-information">
        <valueString value="StructureDefinition:extension"/>
      </extension>
      <reference>
        <reference value="StructureDefinition/iHRISReportElement"/>
      </reference>
      <name value="Resource Fields"/>
      <description value="Lists fields of a resource to be displayed/cached"/>
      <exampleBoolean value="false"/>
    </resource>
    <resource>
      <extension url="http://hl7.org/fhir/tools/StructureDefinition/resource-information">
        <valueString value="StructureDefinition:extension"/>
      </extension>
      <reference>
        <reference value="StructureDefinition/iHRISReportLink"/>
      </reference>
      <name value="Links to the primary resource"/>
      <description value="Links to the primary resource"/>
      <exampleBoolean value="false"/>
    </resource>
    <resource>
      <extension url="http://hl7.org/fhir/tools/StructureDefinition/resource-information">
        <valueString value="StructureDefinition:extension"/>
      </extension>
      <reference>
        <reference value="StructureDefinition/ihris-resource-relationships"/>
      </reference>
      <name value="iHRIS Resource Relationships"/>
      <description value="iHRIS Resource Relationships"/>
      <exampleBoolean value="false"/>
    </resource>
    <resource>
      <extension url="http://hl7.org/fhir/tools/StructureDefinition/resource-information">
        <valueString value="StructureDefinition:extension"/>
      </extension>
      <reference>
        <reference value="StructureDefinition/ihris-role-primary"/>
      </reference>
      <name value="iHRIS Role Primary"/>
      <description value="iHRIS flag for roles to indicate a primary role for assignment to users."/>
      <exampleBoolean value="false"/>
    </resource>
    <resource>
      <extension url="http://hl7.org/fhir/tools/StructureDefinition/resource-information">
        <valueString value="StructureDefinition:extension"/>
      </extension>
      <reference>
        <reference value="StructureDefinition/ihris-visualization-categories"/>
      </reference>
      <name value="iHRIS Visualization Categories"/>
      <description value="iHRIS visualization categories"/>
      <exampleBoolean value="false"/>
    </resource>
    <resource>
      <extension url="http://hl7.org/fhir/tools/StructureDefinition/resource-information">
        <valueString value="StructureDefinition:extension"/>
      </extension>
      <reference>
        <reference value="StructureDefinition/ihris-visualization-dataset"/>
      </reference>
      <name value="iHRIS Visualization Dataset"/>
      <description value="iHRIS visualization dataset"/>
      <exampleBoolean value="false"/>
    </resource>
    <resource>
      <extension url="http://hl7.org/fhir/tools/StructureDefinition/resource-information">
        <valueString value="StructureDefinition:extension"/>
      </extension>
      <reference>
        <reference value="StructureDefinition/ihris-visualization-filters"/>
      </reference>
      <name value="iHRIS Visualization Filters"/>
      <description value="iHRIS visualization filters"/>
      <exampleBoolean value="false"/>
    </resource>
    <resource>
      <extension url="http://hl7.org/fhir/tools/StructureDefinition/resource-information">
        <valueString value="StructureDefinition:extension"/>
      </extension>
      <reference>
        <reference value="StructureDefinition/ihris-visualization-permissions"/>
      </reference>
      <name value="iHRIS Visualization Permissions"/>
      <description value="iHRIS Visualization Permissions"/>
      <exampleBoolean value="false"/>
    </resource>
    <resource>
      <extension url="http://hl7.org/fhir/tools/StructureDefinition/resource-information">
        <valueString value="StructureDefinition:extension"/>
      </extension>
      <reference>
        <reference value="StructureDefinition/ihris-visualization-series"/>
      </reference>
      <name value="iHRIS Visualization Series"/>
      <description value="iHRIS visualization series"/>
      <exampleBoolean value="false"/>
    </resource>
    <resource>
      <extension url="http://hl7.org/fhir/tools/StructureDefinition/resource-information">
        <valueString value="StructureDefinition:extension"/>
      </extension>
      <reference>
        <reference value="StructureDefinition/ihris-visualization-settings"/>
      </reference>
      <name value="iHRIS Visualization Settings"/>
      <description value="iHRIS visualization settings for the data visualizer"/>
      <exampleBoolean value="false"/>
    </resource>
    <resource>
      <extension url="http://hl7.org/fhir/tools/StructureDefinition/resource-information">
        <valueString value="StructureDefinition:extension"/>
      </extension>
      <reference>
        <reference value="StructureDefinition/task-attributes"/>
      </reference>
      <name value="Task Attributes"/>
      <description value="Task attributes."/>
      <exampleBoolean value="false"/>
    </resource>
    <resource>
      <extension url="http://hl7.org/fhir/tools/StructureDefinition/resource-information">
        <valueString value="ValueSet"/>
      </extension>
      <reference>
        <reference value="ValueSet/ihris-document-category"/>
      </reference>
      <name value="Code system for document categories."/>
      <exampleBoolean value="false"/>
    </resource>
    <resource>
      <extension url="http://hl7.org/fhir/tools/StructureDefinition/resource-information">
        <valueString value="ValueSet"/>
      </extension>
      <reference>
        <reference value="ValueSet/ihris-Facility-identifier-valueset"/>
      </reference>
      <name value="iHRIS facility Identifier ValueSet"/>
      <exampleBoolean value="false"/>
    </resource>
    <resource>
      <extension url="http://hl7.org/fhir/tools/StructureDefinition/resource-information">
        <valueString value="ValueSet"/>
      </extension>
      <reference>
        <reference value="ValueSet/Ihris-facility-ownership"/>
      </reference>
      <name value="iHRIS Facility Ownership ValueSet"/>
      <exampleBoolean value="false"/>
    </resource>
    <resource>
      <extension url="http://hl7.org/fhir/tools/StructureDefinition/resource-information">
        <valueString value="ValueSet"/>
      </extension>
      <reference>
        <reference value="ValueSet/ihris-facility-type"/>
      </reference>
      <name value="iHRIS Facility Type ValueSet"/>
      <exampleBoolean value="false"/>
    </resource>
    <resource>
      <extension url="http://hl7.org/fhir/tools/StructureDefinition/resource-information">
        <valueString value="ValueSet"/>
      </extension>
      <reference>
        <reference value="ValueSet/ihris-jurisdiction-type"/>
      </reference>
      <name value="iHRIS Jurisdiction Type ValueSet"/>
      <exampleBoolean value="false"/>
    </resource>
    <resource>
      <extension url="http://hl7.org/fhir/tools/StructureDefinition/resource-information">
        <valueString value="ValueSet"/>
      </extension>
      <reference>
        <reference value="ValueSet/ihris-relation-valueset"/>
      </reference>
      <name value="iHRIS Relationship ValueSet"/>
      <exampleBoolean value="false"/>
    </resource>
    <resource>
      <extension url="http://hl7.org/fhir/tools/StructureDefinition/resource-information">
        <valueString value="ValueSet"/>
      </extension>
      <reference>
        <reference value="ValueSet/ihris-resource-valueset"/>
      </reference>
      <name value="Value Set for iHRIS Basic Resources."/>
      <exampleBoolean value="false"/>
    </resource>
    <resource>
      <extension url="http://hl7.org/fhir/tools/StructureDefinition/resource-information">
        <valueString value="ValueSet"/>
      </extension>
      <reference>
        <reference value="ValueSet/ihris-task-permission"/>
      </reference>
      <name value="Code system for task permissions."/>
      <exampleBoolean value="false"/>
    </resource>
    <resource>
      <extension url="http://hl7.org/fhir/tools/StructureDefinition/resource-information">
        <valueString value="ValueSet"/>
      </extension>
      <reference>
        <reference value="ValueSet/ihris-task-resource"/>
      </reference>
      <name value="Code system for task permissions."/>
      <exampleBoolean value="false"/>
    </resource>
    <resource>
      <extension url="http://hl7.org/fhir/tools/StructureDefinition/resource-information">
        <valueString value="CodeSystem"/>
      </extension>
      <reference>
        <reference value="CodeSystem/ihris-document-category"/>
      </reference>
      <name value="Code system for document categories."/>
      <exampleBoolean value="false"/>
    </resource>
    <resource>
      <extension url="http://hl7.org/fhir/tools/StructureDefinition/resource-information">
        <valueString value="CodeSystem"/>
      </extension>
      <reference>
        <reference value="CodeSystem/ihris-Facility-identifier"/>
      </reference>
      <name value="Identifier Type"/>
      <exampleBoolean value="false"/>
    </resource>
    <resource>
      <extension url="http://hl7.org/fhir/tools/StructureDefinition/resource-information">
        <valueString value="CodeSystem"/>
      </extension>
      <reference>
        <reference value="CodeSystem/Ihris-facility-ownership-type"/>
      </reference>
      <name value="Facility Ownership Type"/>
      <exampleBoolean value="false"/>
    </resource>
    <resource>
      <extension url="http://hl7.org/fhir/tools/StructureDefinition/resource-information">
        <valueString value="CodeSystem"/>
      </extension>
      <reference>
        <reference value="CodeSystem/ihris-facility-type"/>
      </reference>
      <name value="Facility Type"/>
      <exampleBoolean value="false"/>
    </resource>
    <resource>
      <extension url="http://hl7.org/fhir/tools/StructureDefinition/resource-information">
        <valueString value="CodeSystem"/>
      </extension>
      <reference>
        <reference value="CodeSystem/ihris-jurisdiction-type"/>
      </reference>
      <name value="Jurisdiction Type"/>
      <exampleBoolean value="false"/>
    </resource>
    <resource>
      <extension url="http://hl7.org/fhir/tools/StructureDefinition/resource-information">
        <valueString value="CodeSystem"/>
      </extension>
      <reference>
        <reference value="CodeSystem/ihris-relation-codesystem"/>
      </reference>
      <name value="Relationship"/>
      <exampleBoolean value="false"/>
    </resource>
    <resource>
      <extension url="http://hl7.org/fhir/tools/StructureDefinition/resource-information">
        <valueString value="CodeSystem"/>
      </extension>
      <reference>
        <reference value="CodeSystem/ihris-resource-codesystem"/>
      </reference>
      <name value="Code System for iHRIS Basic Resources."/>
      <exampleBoolean value="false"/>
    </resource>
    <resource>
      <extension url="http://hl7.org/fhir/tools/StructureDefinition/resource-information">
        <valueString value="CodeSystem"/>
      </extension>
      <reference>
        <reference value="CodeSystem/ihris-task-permission"/>
      </reference>
      <name value="Code system for task permissions."/>
      <exampleBoolean value="false"/>
    </resource>
    <resource>
      <extension url="http://hl7.org/fhir/tools/StructureDefinition/resource-information">
        <valueString value="CodeSystem"/>
      </extension>
      <reference>
        <reference value="CodeSystem/ihris-task-resource"/>
      </reference>
      <name value="Code system for task permissions."/>
      <exampleBoolean value="false"/>
    </resource>
    <resource>
      <extension url="http://hl7.org/fhir/tools/StructureDefinition/resource-information">
        <valueString value="SearchParameter"/>
      </extension>
      <reference>
        <reference value="SearchParameter/basic-location-constraint"/>
      </reference>
      <name value="basic-location-constraint"/>
      <description value="Search by related location for a Basic resource Role."/>
      <exampleBoolean value="false"/>
    </resource>
    <resource>
      <extension url="http://hl7.org/fhir/tools/StructureDefinition/resource-information">
        <valueString value="SearchParameter"/>
      </extension>
      <reference>
        <reference value="SearchParameter/basic-name"/>
      </reference>
      <name value="basic-name"/>
      <description value="Search by name for a Basic resource."/>
      <exampleBoolean value="false"/>
    </resource>
    <resource>
      <extension url="http://hl7.org/fhir/tools/StructureDefinition/resource-information">
        <valueString value="SearchParameter"/>
      </extension>
      <reference>
        <reference value="SearchParameter/basic-practitioner"/>
      </reference>
      <name value="basic-practitioner"/>
      <description value="Search by practitioner for a Basic resource."/>
      <exampleBoolean value="false"/>
    </resource>
    <resource>
      <extension url="http://hl7.org/fhir/tools/StructureDefinition/resource-information">
        <valueString value="SearchParameter"/>
      </extension>
      <reference>
        <reference value="SearchParameter/basic-related-location"/>
      </reference>
      <name value="basic-related-location"/>
      <description value="Search by related location for a Basic resource."/>
      <exampleBoolean value="false"/>
    </resource>
    <resource>
      <extension url="http://hl7.org/fhir/tools/StructureDefinition/resource-information">
        <valueString value="SearchParameter"/>
      </extension>
      <reference>
        <reference value="SearchParameter/basic-related-practitioner"/>
      </reference>
      <name value="basic-related-practitioner"/>
      <description value="Search by related practitioner for a Basic resource."/>
      <exampleBoolean value="false"/>
    </resource>
    <resource>
      <extension url="http://hl7.org/fhir/tools/StructureDefinition/resource-information">
        <valueString value="SearchParameter"/>
      </extension>
      <reference>
        <reference value="SearchParameter/employment-status-search"/>
      </reference>
      <name value="employment-status-search"/>
      <description value="Search for a practitionerRole employment-status."/>
      <exampleBoolean value="false"/>
    </resource>
    <resource>
      <extension url="http://hl7.org/fhir/tools/StructureDefinition/resource-information">
        <valueString value="SearchParameter"/>
      </extension>
      <reference>
        <reference value="SearchParameter/gofr-search-isbroadcast"/>
      </reference>
      <name value="gofr-search-isbroadcast"/>
      <description value="search parameter for broadcasted messages"/>
      <exampleBoolean value="false"/>
    </resource>
    <resource>
      <extension url="http://hl7.org/fhir/tools/StructureDefinition/resource-information">
        <valueString value="SearchParameter"/>
      </extension>
      <reference>
        <reference value="SearchParameter/gofr-search-isflowstart"/>
      </reference>
      <name value="gofr-search-isflowstart"/>
      <description value="search parameter for flow starts"/>
      <exampleBoolean value="false"/>
    </resource>
    <resource>
      <extension url="http://hl7.org/fhir/tools/StructureDefinition/resource-information">
        <valueString value="Parameters"/>
      </extension>
      <reference>
        <reference value="Parameters/ihris-dashboard"/>
      </reference>
      <name value="ihris-dashboard"/>
      <exampleCanonical value="http://ihris.org/fhir/StructureDefinition/ihris-parameters-remote-config"/>
    </resource>
    <resource>
      <extension url="http://hl7.org/fhir/tools/StructureDefinition/resource-information">
        <valueString value="Questionnaire"/>
      </extension>
      <reference>
        <reference value="Questionnaire/ihris-endrole"/>
      </reference>
      <name value="IhrisPractitionerWorkflowEndRole"/>
      <description value="iHRIS workflow to end a current role/job"/>
      <exampleCanonical value="http://ihris.org/fhir/StructureDefinition/ihris-questionnaire"/>
    </resource>
    <resource>
      <extension url="http://hl7.org/fhir/tools/StructureDefinition/resource-information">
        <valueString value="Basic"/>
      </extension>
      <reference>
        <reference value="Basic/ihris-es-report-mhero-send-message"/>
      </reference>
      <name value="iHRIS Relationship Example"/>
      <exampleCanonical value="http://ihris.org/fhir/StructureDefinition/iHRISRelationship"/>
    </resource>
    <resource>
      <extension url="http://hl7.org/fhir/tools/StructureDefinition/resource-information">
        <valueString value="Library"/>
      </extension>
      <reference>
        <reference value="Library/ihris-module-example"/>
      </reference>
      <name value="iHRIS Module Example"/>
      <exampleCanonical value="http://ihris.org/fhir/StructureDefinition/ihris-module"/>
    </resource>
    <resource>
      <extension url="http://hl7.org/fhir/tools/StructureDefinition/resource-information">
        <valueString value="Basic"/>
      </extension>
      <reference>
        <reference value="Basic/ihris-page-auditevent"/>
      </reference>
      <name value="AuditEvent"/>
      <exampleCanonical value="http://ihris.org/fhir/StructureDefinition/ihris-page"/>
    </resource>
    <resource>
      <extension url="http://hl7.org/fhir/tools/StructureDefinition/resource-information">
        <valueString value="Basic"/>
      </extension>
      <reference>
        <reference value="Basic/ihris-page-cadre"/>
      </reference>
      <name value="iHRIS Cadre CodeSystem Page"/>
      <exampleCanonical value="http://ihris.org/fhir/StructureDefinition/ihris-page"/>
    </resource>
    <resource>
      <extension url="http://hl7.org/fhir/tools/StructureDefinition/resource-information">
        <valueString value="Basic"/>
      </extension>
      <reference>
        <reference value="Basic/ihris-page-classification"/>
      </reference>
      <name value="iHRIS Classification CodeSystem Page"/>
      <exampleCanonical value="http://ihris.org/fhir/StructureDefinition/ihris-page"/>
    </resource>
    <resource>
      <extension url="http://hl7.org/fhir/tools/StructureDefinition/resource-information">
        <valueString value="Basic"/>
      </extension>
      <reference>
        <reference value="Basic/ihris-page-employment-status"/>
      </reference>
      <name value="iHRIS Employment Status CodeSystem Page"/>
      <exampleCanonical value="http://ihris.org/fhir/StructureDefinition/ihris-page"/>
    </resource>
    <resource>
      <extension url="http://hl7.org/fhir/tools/StructureDefinition/resource-information">
        <valueString value="Basic"/>
      </extension>
      <reference>
        <reference value="Basic/ihris-page-facility"/>
      </reference>
      <name value="iHRIS Facility Page"/>
      <exampleCanonical value="http://ihris.org/fhir/StructureDefinition/ihris-page"/>
    </resource>
    <resource>
      <extension url="http://hl7.org/fhir/tools/StructureDefinition/resource-information">
        <valueString value="Basic"/>
      </extension>
      <reference>
        <reference value="Basic/ihris-page-job"/>
      </reference>
      <name value="iHRIS Job CodeSystem Page"/>
      <exampleCanonical value="http://ihris.org/fhir/StructureDefinition/ihris-page"/>
    </resource>
    <resource>
      <extension url="http://hl7.org/fhir/tools/StructureDefinition/resource-information">
        <valueString value="Basic"/>
      </extension>
      <reference>
        <reference value="Basic/ihris-page-job-type"/>
      </reference>
      <name value="iHRIS Job Type CodeSystem Page"/>
      <exampleCanonical value="http://ihris.org/fhir/StructureDefinition/ihris-page"/>
    </resource>
    <resource>
      <extension url="http://hl7.org/fhir/tools/StructureDefinition/resource-information">
        <valueString value="Basic"/>
      </extension>
      <reference>
        <reference value="Basic/ihris-page-location"/>
      </reference>
      <name value="iHRIS Location Page"/>
      <exampleCanonical value="http://ihris.org/fhir/StructureDefinition/ihris-page"/>
    </resource>
    <resource>
      <extension url="http://hl7.org/fhir/tools/StructureDefinition/resource-information">
        <valueString value="Basic"/>
      </extension>
      <reference>
        <reference value="Basic/ihris-page-practitioner"/>
      </reference>
      <name value="Practitioner"/>
      <exampleCanonical value="http://ihris.org/fhir/StructureDefinition/ihris-page"/>
    </resource>
    <resource>
      <extension url="http://hl7.org/fhir/tools/StructureDefinition/resource-information">
        <valueString value="Basic"/>
      </extension>
      <reference>
        <reference value="Basic/ihris-page-practitionerrole"/>
      </reference>
      <name value="iHRIS PractitionerRole Page"/>
      <exampleCanonical value="http://ihris.org/fhir/StructureDefinition/ihris-page"/>
    </resource>
    <resource>
      <extension url="http://hl7.org/fhir/tools/StructureDefinition/resource-information">
        <valueString value="Basic"/>
      </extension>
      <reference>
        <reference value="Basic/ihris-page-reason-departure"/>
      </reference>
      <name value="iHRIS Reason for Departure CodeSystem Page"/>
      <exampleCanonical value="http://ihris.org/fhir/StructureDefinition/ihris-page"/>
    </resource>
    <resource>
      <extension url="http://hl7.org/fhir/tools/StructureDefinition/resource-information">
        <valueString value="Basic"/>
      </extension>
      <reference>
        <reference value="Basic/ihris-page-relation"/>
      </reference>
      <name value="iHRIS relationship type CodeSystem Page"/>
      <exampleCanonical value="http://ihris.org/fhir/StructureDefinition/ihris-page"/>
    </resource>
    <resource>
      <extension url="http://hl7.org/fhir/tools/StructureDefinition/resource-information">
        <valueString value="Basic"/>
      </extension>
      <reference>
        <reference value="Basic/ihris-page-role"/>
      </reference>
      <name value="NHWR Roles"/>
      <exampleCanonical value="http://ihris.org/fhir/StructureDefinition/ihris-page"/>
    </resource>
    <resource>
      <extension url="http://hl7.org/fhir/tools/StructureDefinition/resource-information">
        <valueString value="Basic"/>
      </extension>
      <reference>
        <reference value="Basic/ihris-page-salary-grade"/>
      </reference>
      <name value="iHRIS Salary Scale CodeSystem Page"/>
      <exampleCanonical value="http://ihris.org/fhir/StructureDefinition/ihris-page"/>
    </resource>
    <resource>
      <extension url="http://hl7.org/fhir/tools/StructureDefinition/resource-information">
        <valueString value="Basic"/>
      </extension>
      <reference>
        <reference value="Basic/ihris-page-salary-scale"/>
      </reference>
      <name value="iHRIS Salary Scale CodeSystem Page"/>
      <exampleCanonical value="http://ihris.org/fhir/StructureDefinition/ihris-page"/>
    </resource>
    <resource>
      <extension url="http://hl7.org/fhir/tools/StructureDefinition/resource-information">
        <valueString value="Basic"/>
      </extension>
      <reference>
        <reference value="Basic/ihris-page-shift"/>
      </reference>
      <name value="iHRIS Shift CodeSystem Page"/>
      <exampleCanonical value="http://ihris.org/fhir/StructureDefinition/ihris-page"/>
    </resource>
    <resource>
      <extension url="http://hl7.org/fhir/tools/StructureDefinition/resource-information">
        <valueString value="Basic"/>
      </extension>
      <reference>
        <reference value="Basic/ihris-page-task"/>
      </reference>
      <name value="iHRIS Tasks"/>
      <exampleCanonical value="http://ihris.org/fhir/StructureDefinition/ihris-page"/>
    </resource>
    <resource>
      <extension url="http://hl7.org/fhir/tools/StructureDefinition/resource-information">
        <valueString value="Questionnaire"/>
      </extension>
      <reference>
        <reference value="Questionnaire/ihris-promotion"/>
      </reference>
      <name value="IhrisPractitionerWorkflowPromotion"/>
      <description value="iHRIS workflow to record a promotion"/>
      <exampleCanonical value="http://ihris.org/fhir/StructureDefinition/ihris-questionnaire"/>
    </resource>
    <resource>
      <extension url="http://hl7.org/fhir/tools/StructureDefinition/resource-information">
        <valueString value="Questionnaire"/>
      </extension>
      <reference>
        <reference value="Questionnaire/ihris-role"/>
      </reference>
      <name value="IhrisRole"/>
      <description value="iHRIS workflow to record a Role"/>
      <exampleCanonical value="http://ihris.org/fhir/StructureDefinition/ihris-questionnaire"/>
    </resource>
    <resource>
      <extension url="http://hl7.org/fhir/tools/StructureDefinition/resource-information">
        <valueString value="Basic"/>
      </extension>
      <reference>
        <reference value="Basic/ihris-role-admin"/>
      </reference>
      <name value="iHRIS Admin Role"/>
      <exampleCanonical value="http://ihris.org/fhir/StructureDefinition/ihris-role"/>
    </resource>
    <resource>
      <extension url="http://hl7.org/fhir/tools/StructureDefinition/resource-information">
        <valueString value="Basic"/>
      </extension>
      <reference>
        <reference value="Basic/ihris-role-open"/>
      </reference>
      <name value="iHRIS Open Role"/>
      <exampleCanonical value="http://ihris.org/fhir/StructureDefinition/ihris-role"/>
    </resource>
    <resource>
      <extension url="http://hl7.org/fhir/tools/StructureDefinition/resource-information">
        <valueString value="Basic"/>
      </extension>
      <reference>
        <reference value="Basic/ihris-role-self"/>
      </reference>
      <name value="iHRIS Self Service Role"/>
      <exampleCanonical value="http://ihris.org/fhir/StructureDefinition/ihris-role"/>
    </resource>
    <resource>
      <extension url="http://hl7.org/fhir/tools/StructureDefinition/resource-information">
        <valueString value="Questionnaire"/>
      </extension>
      <reference>
        <reference value="Questionnaire/ihris-task"/>
      </reference>
      <name value="IhrisTask"/>
      <description value="iHRIS workflow to record a Role"/>
      <exampleCanonical value="http://ihris.org/fhir/StructureDefinition/ihris-questionnaire"/>
    </resource>
    <resource>
      <extension url="http://hl7.org/fhir/tools/StructureDefinition/resource-information">
        <valueString value="Basic"/>
      </extension>
      <reference>
        <reference value="Basic/ihris-task-all-permissions-to-everything"/>
      </reference>
      <name value="iHRIS Task With All Permissions To Everything"/>
      <exampleCanonical value="http://ihris.org/fhir/StructureDefinition/ihris-task"/>
    </resource>
    <resource>
      <extension url="http://hl7.org/fhir/tools/StructureDefinition/resource-information">
        <valueString value="Basic"/>
      </extension>
      <reference>
        <reference value="Basic/ihris-task-navigation-evaluation"/>
      </reference>
      <name value="iHRIS Task To Navigate to evaluation"/>
      <exampleCanonical value="http://ihris.org/fhir/StructureDefinition/ihris-task"/>
    </resource>
    <resource>
      <extension url="http://hl7.org/fhir/tools/StructureDefinition/resource-information">
        <valueString value="Basic"/>
      </extension>
      <reference>
        <reference value="Basic/ihris-task-navigation-leave"/>
      </reference>
      <name value="iHRIS Task To Navigate to Leave"/>
      <exampleCanonical value="http://ihris.org/fhir/StructureDefinition/ihris-task"/>
    </resource>
    <resource>
      <extension url="http://hl7.org/fhir/tools/StructureDefinition/resource-information">
        <valueString value="Basic"/>
      </extension>
      <reference>
        <reference value="Basic/ihris-task-navigation-password"/>
      </reference>
      <name value="iHRIS Task To Navigate to password"/>
      <exampleCanonical value="http://ihris.org/fhir/StructureDefinition/ihris-task"/>
    </resource>
    <resource>
      <extension url="http://hl7.org/fhir/tools/StructureDefinition/resource-information">
        <valueString value="Basic"/>
      </extension>
      <reference>
        <reference value="Basic/ihris-task-navigation-profile"/>
      </reference>
      <name value="iHRIS Task To Navigate to Profile"/>
      <exampleCanonical value="http://ihris.org/fhir/StructureDefinition/ihris-task"/>
    </resource>
    <resource>
      <extension url="http://hl7.org/fhir/tools/StructureDefinition/resource-information">
        <valueString value="Basic"/>
      </extension>
      <reference>
        <reference value="Basic/ihris-task-read-basic-resource"/>
      </reference>
      <name value="iHRIS Task To Read Basic resource"/>
      <exampleCanonical value="http://ihris.org/fhir/StructureDefinition/ihris-task"/>
    </resource>
    <resource>
      <extension url="http://hl7.org/fhir/tools/StructureDefinition/resource-information">
        <valueString value="Basic"/>
      </extension>
      <reference>
        <reference value="Basic/ihris-task-read-code-system"/>
      </reference>
      <name value="iHRIS Task To Read CodeSystem resource"/>
      <exampleCanonical value="http://ihris.org/fhir/StructureDefinition/ihris-task"/>
    </resource>
    <resource>
      <extension url="http://hl7.org/fhir/tools/StructureDefinition/resource-information">
        <valueString value="Basic"/>
      </extension>
      <reference>
        <reference value="Basic/ihris-task-read-document-reference"/>
      </reference>
      <name value="iHRIS Task To Read DocumentReference"/>
      <exampleCanonical value="http://ihris.org/fhir/StructureDefinition/ihris-task"/>
    </resource>
    <resource>
      <extension url="http://hl7.org/fhir/tools/StructureDefinition/resource-information">
        <valueString value="Basic"/>
      </extension>
      <reference>
        <reference value="Basic/ihris-task-read-ihris-page-practitioner"/>
      </reference>
      <name value="iHRIS Task To Read Practitioner Page"/>
      <exampleCanonical value="http://ihris.org/fhir/StructureDefinition/ihris-task"/>
    </resource>
    <resource>
      <extension url="http://hl7.org/fhir/tools/StructureDefinition/resource-information">
        <valueString value="Basic"/>
      </extension>
      <reference>
        <reference value="Basic/ihris-task-read-ihris-page-practitioner-role"/>
      </reference>
      <name value="iHRIS Task To Read PractitionerRole Page"/>
      <exampleCanonical value="http://ihris.org/fhir/StructureDefinition/ihris-task"/>
    </resource>
    <resource>
      <extension url="http://hl7.org/fhir/tools/StructureDefinition/resource-information">
        <valueString value="Basic"/>
      </extension>
      <reference>
        <reference value="Basic/ihris-task-read-location-resource"/>
      </reference>
      <name value="iHRIS Task To Read Location resource"/>
      <exampleCanonical value="http://ihris.org/fhir/StructureDefinition/ihris-task"/>
    </resource>
    <resource>
      <extension url="http://hl7.org/fhir/tools/StructureDefinition/resource-information">
        <valueString value="Basic"/>
      </extension>
      <reference>
        <reference value="Basic/ihris-task-read-organization-resource"/>
      </reference>
      <name value="iHRIS Task To Read Organization resource"/>
      <exampleCanonical value="http://ihris.org/fhir/StructureDefinition/ihris-task"/>
    </resource>
    <resource>
      <extension url="http://hl7.org/fhir/tools/StructureDefinition/resource-information">
        <valueString value="Basic"/>
      </extension>
      <reference>
        <reference value="Basic/ihris-task-read-person-resource"/>
      </reference>
      <name value="iHRIS Task To Read Person resource"/>
      <exampleCanonical value="http://ihris.org/fhir/StructureDefinition/ihris-task"/>
    </resource>
    <resource>
      <extension url="http://hl7.org/fhir/tools/StructureDefinition/resource-information">
        <valueString value="Basic"/>
      </extension>
      <reference>
        <reference value="Basic/ihris-task-read-practitioner-resource"/>
      </reference>
      <name value="iHRIS Task To Read Practitioner resource"/>
      <exampleCanonical value="http://ihris.org/fhir/StructureDefinition/ihris-task"/>
    </resource>
    <resource>
      <extension url="http://hl7.org/fhir/tools/StructureDefinition/resource-information">
        <valueString value="Basic"/>
      </extension>
      <reference>
        <reference value="Basic/ihris-task-read-practitioner-role-resource"/>
      </reference>
      <name value="iHRIS Task To Read PractitionerRole resource"/>
      <exampleCanonical value="http://ihris.org/fhir/StructureDefinition/ihris-task"/>
    </resource>
    <resource>
      <extension url="http://hl7.org/fhir/tools/StructureDefinition/resource-information">
        <valueString value="Basic"/>
      </extension>
      <reference>
        <reference value="Basic/ihris-task-read-questionnaire-leave"/>
      </reference>
      <name value="iHRIS Task To Read Questionnaire ihris-leave"/>
      <exampleCanonical value="http://ihris.org/fhir/StructureDefinition/ihris-task"/>
    </resource>
    <resource>
      <extension url="http://hl7.org/fhir/tools/StructureDefinition/resource-information">
        <valueString value="Basic"/>
      </extension>
      <reference>
        <reference value="Basic/ihris-task-read-questionnaire-resource"/>
      </reference>
      <name value="iHRIS Task To Read Questionnaire resource"/>
      <exampleCanonical value="http://ihris.org/fhir/StructureDefinition/ihris-task"/>
    </resource>
    <resource>
      <extension url="http://hl7.org/fhir/tools/StructureDefinition/resource-information">
        <valueString value="Basic"/>
      </extension>
      <reference>
        <reference value="Basic/ihris-task-read-questionnaire-response-resource"/>
      </reference>
      <name value="iHRIS Task To Read Questionnaire Response resource"/>
      <exampleCanonical value="http://ihris.org/fhir/StructureDefinition/ihris-task"/>
    </resource>
    <resource>
      <extension url="http://hl7.org/fhir/tools/StructureDefinition/resource-information">
        <valueString value="Basic"/>
      </extension>
      <reference>
        <reference value="Basic/ihris-task-read-structure-definition"/>
      </reference>
      <name value="iHRIS Task To Read StructureDefinition Resource"/>
      <exampleCanonical value="http://ihris.org/fhir/StructureDefinition/ihris-task"/>
    </resource>
    <resource>
      <extension url="http://hl7.org/fhir/tools/StructureDefinition/resource-information">
        <valueString value="Basic"/>
      </extension>
      <reference>
        <reference value="Basic/ihris-task-read-value-set"/>
      </reference>
      <name value="iHRIS Task To Read Valueset Resource"/>
      <exampleCanonical value="http://ihris.org/fhir/StructureDefinition/ihris-task"/>
    </resource>
    <resource>
      <extension url="http://hl7.org/fhir/tools/StructureDefinition/resource-information">
        <valueString value="Basic"/>
      </extension>
      <reference>
        <reference value="Basic/ihris-task-write-basic-resource"/>
      </reference>
      <name value="iHRIS Task To Write Basic resource"/>
      <exampleCanonical value="http://ihris.org/fhir/StructureDefinition/ihris-task"/>
    </resource>
    <resource>
      <extension url="http://hl7.org/fhir/tools/StructureDefinition/resource-information">
        <valueString value="Basic"/>
      </extension>
      <reference>
        <reference value="Basic/ihris-task-write-code-system"/>
      </reference>
      <name value="iHRIS Task To Write CodeSystem resource"/>
      <exampleCanonical value="http://ihris.org/fhir/StructureDefinition/ihris-task"/>
    </resource>
    <resource>
      <extension url="http://hl7.org/fhir/tools/StructureDefinition/resource-information">
        <valueString value="Basic"/>
      </extension>
      <reference>
        <reference value="Basic/ihris-task-write-document-reference"/>
      </reference>
      <name value="iHRIS Task To Write DocumentReference"/>
      <exampleCanonical value="http://ihris.org/fhir/StructureDefinition/ihris-task"/>
    </resource>
    <resource>
      <extension url="http://hl7.org/fhir/tools/StructureDefinition/resource-information">
        <valueString value="Basic"/>
      </extension>
      <reference>
        <reference value="Basic/ihris-task-write-location-resource"/>
      </reference>
      <name value="iHRIS Task To Write Location resource"/>
      <exampleCanonical value="http://ihris.org/fhir/StructureDefinition/ihris-task"/>
    </resource>
    <resource>
      <extension url="http://hl7.org/fhir/tools/StructureDefinition/resource-information">
        <valueString value="Basic"/>
      </extension>
      <reference>
        <reference value="Basic/ihris-task-write-organization-resource"/>
      </reference>
      <name value="iHRIS Task To Write Organization resource"/>
      <exampleCanonical value="http://ihris.org/fhir/StructureDefinition/ihris-task"/>
    </resource>
    <resource>
      <extension url="http://hl7.org/fhir/tools/StructureDefinition/resource-information">
        <valueString value="Basic"/>
      </extension>
      <reference>
        <reference value="Basic/ihris-task-write-person-resource"/>
      </reference>
      <name value="iHRIS Task To Write Person resource"/>
      <exampleCanonical value="http://ihris.org/fhir/StructureDefinition/ihris-task"/>
    </resource>
    <resource>
      <extension url="http://hl7.org/fhir/tools/StructureDefinition/resource-information">
        <valueString value="Basic"/>
      </extension>
      <reference>
        <reference value="Basic/ihris-task-write-practitioner-resource"/>
      </reference>
      <name value="iHRIS Task To Write Practitioner resource"/>
      <exampleCanonical value="http://ihris.org/fhir/StructureDefinition/ihris-task"/>
    </resource>
    <resource>
      <extension url="http://hl7.org/fhir/tools/StructureDefinition/resource-information">
        <valueString value="Basic"/>
      </extension>
      <reference>
        <reference value="Basic/ihris-task-write-practitioner-role-resource"/>
      </reference>
      <name value="iHRIS Task To Write PractitionerRole resource"/>
      <exampleCanonical value="http://ihris.org/fhir/StructureDefinition/ihris-task"/>
    </resource>
    <resource>
      <extension url="http://hl7.org/fhir/tools/StructureDefinition/resource-information">
        <valueString value="Basic"/>
      </extension>
      <reference>
        <reference value="Basic/ihris-task-write-questionnaire-change-password"/>
      </reference>
      <name value="iHRIS Task To Write Questionnaire ihris-password"/>
      <exampleCanonical value="http://ihris.org/fhir/StructureDefinition/ihris-task"/>
    </resource>
    <resource>
      <extension url="http://hl7.org/fhir/tools/StructureDefinition/resource-information">
        <valueString value="Basic"/>
      </extension>
      <reference>
        <reference value="Basic/ihris-task-write-questionnaire-leave"/>
      </reference>
      <name value="iHRIS Task To Write Questionnaire ihris-leave"/>
      <exampleCanonical value="http://ihris.org/fhir/StructureDefinition/ihris-task"/>
    </resource>
    <resource>
      <extension url="http://hl7.org/fhir/tools/StructureDefinition/resource-information">
        <valueString value="Basic"/>
      </extension>
      <reference>
        <reference value="Basic/ihris-task-write-questionnaire-resource"/>
      </reference>
      <name value="iHRIS Task To Write Questionnaire resource"/>
      <exampleCanonical value="http://ihris.org/fhir/StructureDefinition/ihris-task"/>
    </resource>
    <resource>
      <extension url="http://hl7.org/fhir/tools/StructureDefinition/resource-information">
        <valueString value="Basic"/>
      </extension>
      <reference>
        <reference value="Basic/ihris-task-write-questionnaire-response-resource"/>
      </reference>
      <name value="iHRIS Task To Write Questionnaire Response resource"/>
      <exampleCanonical value="http://ihris.org/fhir/StructureDefinition/ihris-task"/>
    </resource>
    <resource>
      <extension url="http://hl7.org/fhir/tools/StructureDefinition/resource-information">
        <valueString value="Basic"/>
      </extension>
      <reference>
        <reference value="Basic/ihris-task-write-structure-definition"/>
      </reference>
      <name value="iHRIS Task To Write StructureDefinition Resource"/>
      <exampleCanonical value="http://ihris.org/fhir/StructureDefinition/ihris-task"/>
    </resource>
    <resource>
      <extension url="http://hl7.org/fhir/tools/StructureDefinition/resource-information">
        <valueString value="Basic"/>
      </extension>
      <reference>
        <reference value="Basic/ihris-task-write-value-set"/>
      </reference>
      <name value="iHRIS Task To Write Valueset Resource"/>
      <exampleCanonical value="http://ihris.org/fhir/StructureDefinition/ihris-task"/>
    </resource>
    <resource>
      <extension url="http://hl7.org/fhir/tools/StructureDefinition/resource-information">
        <valueString value="SearchParameter"/>
      </extension>
      <reference>
        <reference value="SearchParameter/job-search"/>
      </reference>
      <name value="job-search"/>
      <description value="Search for a practitionerRole job."/>
      <exampleBoolean value="false"/>
    </resource>
    <resource>
      <extension url="http://hl7.org/fhir/tools/StructureDefinition/resource-information">
        <valueString value="SearchParameter"/>
      </extension>
      <reference>
        <reference value="SearchParameter/leaveperiod-search"/>
      </reference>
      <name value="leaveperiod-search"/>
      <description value="Search for a practitioner's Leave Period"/>
      <exampleBoolean value="false"/>
    </resource>
    <resource>
      <extension url="http://hl7.org/fhir/tools/StructureDefinition/resource-information">
        <valueString value="SearchParameter"/>
      </extension>
      <reference>
        <reference value="SearchParameter/leavetype-search"/>
      </reference>
      <name value="leavetype-search"/>
      <description value="Search for a practitioner's Leave Type."/>
      <exampleBoolean value="false"/>
    </resource>
    <resource>
      <extension url="http://hl7.org/fhir/tools/StructureDefinition/resource-information">
        <valueString value="SearchParameter"/>
      </extension>
      <reference>
        <reference value="SearchParameter/location-related-location"/>
      </reference>
      <name value="location-related-location"/>
      <description value="Search by related location for a Location resource."/>
      <exampleBoolean value="false"/>
    </resource>
    <resource>
      <extension url="http://hl7.org/fhir/tools/StructureDefinition/resource-information">
        <valueString value="DocumentReference"/>
      </extension>
      <reference>
        <reference value="DocumentReference/page-about"/>
      </reference>
      <name value="iHRIS About Page"/>
      <exampleCanonical value="http://ihris.org/fhir/StructureDefinition/ihris-document"/>
    </resource>
    <resource>
      <extension url="http://hl7.org/fhir/tools/StructureDefinition/resource-information">
        <valueString value="DocumentReference"/>
      </extension>
      <reference>
        <reference value="DocumentReference/page-home"/>
      </reference>
      <name value="page-home"/>
      <exampleCanonical value="http://ihris.org/fhir/StructureDefinition/ihris-document"/>
    </resource>
    <resource>
      <extension url="http://hl7.org/fhir/tools/StructureDefinition/resource-information">
        <valueString value="SearchParameter"/>
      </extension>
      <reference>
        <reference value="SearchParameter/performanceperiod-search"/>
      </reference>
      <name value="performanceperiod-search"/>
      <description value="Search for a practitioner's Performance Period"/>
      <exampleBoolean value="false"/>
    </resource>
    <resource>
      <extension url="http://hl7.org/fhir/tools/StructureDefinition/resource-information">
        <valueString value="SearchParameter"/>
      </extension>
      <reference>
        <reference value="SearchParameter/position-status-search"/>
      </reference>
      <name value="position-status-search"/>
      <description value="Search for a practitionerRole position status."/>
      <exampleBoolean value="false"/>
    </resource>
    <resource>
      <extension url="http://hl7.org/fhir/tools/StructureDefinition/resource-information">
        <valueString value="SearchParameter"/>
      </extension>
      <reference>
        <reference value="SearchParameter/practitioner-birthdate"/>
      </reference>
      <name value="practitioner-birthdate"/>
      <description value="Search by birthdate for a Practitioner resource."/>
      <exampleBoolean value="false"/>
    </resource>
    <resource>
      <extension url="http://hl7.org/fhir/tools/StructureDefinition/resource-information">
        <valueString value="SearchParameter"/>
      </extension>
      <reference>
        <reference value="SearchParameter/practitioner-employeeNumber"/>
      </reference>
      <name value="practitioner-employeeNumber"/>
      <description value="Search by employee number for a practitioner resource."/>
      <exampleBoolean value="false"/>
    </resource>
    <resource>
      <extension url="http://hl7.org/fhir/tools/StructureDefinition/resource-information">
        <valueString value="SearchParameter"/>
      </extension>
      <reference>
        <reference value="SearchParameter/practitioner-phone"/>
      </reference>
      <name value="practitioner-phone"/>
      <description value="Search by phone for a Practitioner resource."/>
      <exampleBoolean value="false"/>
    </resource>
    <resource>
      <extension url="http://hl7.org/fhir/tools/StructureDefinition/resource-information">
        <valueString value="SearchParameter"/>
      </extension>
      <reference>
        <reference value="SearchParameter/practitioner-related-location"/>
      </reference>
      <name value="practitioner-related-location"/>
      <description value="Search by related location for a Practitioner resource."/>
      <exampleBoolean value="false"/>
    </resource>
    <resource>
      <extension url="http://hl7.org/fhir/tools/StructureDefinition/resource-information">
        <valueString value="SearchParameter"/>
      </extension>
      <reference>
        <reference value="SearchParameter/practitioner-related-practitioner"/>
      </reference>
      <name value="practitioner-related-practitioner"/>
      <description value="Search by related practitioner for a Practitioner resource."/>
      <exampleBoolean value="false"/>
    </resource>
    <resource>
      <extension url="http://hl7.org/fhir/tools/StructureDefinition/resource-information">
        <valueString value="SearchParameter"/>
      </extension>
      <reference>
        <reference value="SearchParameter/practitioner-renewrole"/>
      </reference>
      <name value="practitioner-renewrole"/>
      <description value="Search by employee ID for a practitioner resource."/>
      <exampleBoolean value="false"/>
    </resource>
    <resource>
      <extension url="http://hl7.org/fhir/tools/StructureDefinition/resource-information">
        <valueString value="SearchParameter"/>
      </extension>
      <reference>
        <reference value="SearchParameter/practitionerrole-related-location"/>
      </reference>
      <name value="practitionerrole-related-location"/>
      <description value="Search by related location for a PractitionerRole resource."/>
      <exampleBoolean value="false"/>
    </resource>
    <resource>
      <extension url="http://hl7.org/fhir/tools/StructureDefinition/resource-information">
        <valueString value="SearchParameter"/>
      </extension>
      <reference>
        <reference value="SearchParameter/practitionerrole-related-practitioner"/>
      </reference>
      <name value="practitionerrole-related-practitioner"/>
      <description value="Search by related practitioner for a PractitionerRole resource."/>
      <exampleBoolean value="false"/>
    </resource>
    <page>
      <extension url="http://hl7.org/fhir/tools/StructureDefinition/ig-page-name">
        <valueUrl value="toc.html"/>
      </extension>
      <nameUrl value="toc.html"/>
      <title value="Table of Contents"/>
      <generation value="html"/>
      <page>
        <extension url="http://hl7.org/fhir/tools/StructureDefinition/ig-page-name">
          <valueUrl value="index.html"/>
        </extension>
        <nameUrl value="index.html"/>
        <title value="Home"/>
        <generation value="markdown"/>
      </page>
    </page>
    <parameter>
      <code value="path-resource"/>
      <value value="input/capabilities"/>
    </parameter>
    <parameter>
      <code value="path-resource"/>
      <value value="input/examples"/>
    </parameter>
    <parameter>
      <code value="path-resource"/>
      <value value="input/extensions"/>
    </parameter>
    <parameter>
      <code value="path-resource"/>
      <value value="input/models"/>
    </parameter>
    <parameter>
      <code value="path-resource"/>
      <value value="input/operations"/>
    </parameter>
    <parameter>
      <code value="path-resource"/>
      <value value="input/profiles"/>
    </parameter>
    <parameter>
      <code value="path-resource"/>
      <value value="input/resources"/>
    </parameter>
    <parameter>
      <code value="path-resource"/>
      <value value="input/vocabulary"/>
    </parameter>
    <parameter>
      <code value="path-resource"/>
      <value value="input/maps"/>
    </parameter>
    <parameter>
      <code value="path-resource"/>
      <value value="input/testing"/>
    </parameter>
    <parameter>
      <code value="path-resource"/>
      <value value="input/history"/>
    </parameter>
    <parameter>
      <code value="path-resource"/>
      <value value="fsh-generated/resources"/>
    </parameter>
    <parameter>
      <code value="path-pages"/>
      <value value="template/config"/>
    </parameter>
    <parameter>
      <code value="path-pages"/>
      <value value="input/images"/>
    </parameter>
    <parameter>
      <code value="path-tx-cache"/>
      <value value="input-cache/txcache"/>
    </parameter>
  </definition>
</ImplementationGuide>