<?xml version="1.0" encoding="UTF-8"?>

<Parameters xmlns="http://hl7.org/fhir">
  <id value="ihris-dashboard"/>
  <meta>
    <profile value="http://ihris.org/fhir/StructureDefinition/ihris-parameters-remote-config"/>
  </meta>
  <parameter>
    <name value="signature"/>
    <valueSignature>
      <type>
        <system value="urn:iso-astm:E1762-95:2013"/>
        <code value="1.2.840.10065.1.12.1.14"/>
      </type>
      <when value="2020-08-21T07:40:23.650Z"/>
      <who>
        <reference value="http://ihris.org/fhir/Organization/ihris"/>
      </who>
      <data value="CsPT1RCVT1SWuH4Es/D2xCvqjsK4rry7VVl12rZAwHunaypOBgXbSmnBiFxk24h1VI3LLro6nlASS58eM8vdPW26QN2r+q9r4Ite212lxcqrLagK+2QFtJq+LrILUAL7aH1zke2NDCrnjXDv3oLMU1WNFKVvQ6bkPFeL0A3Iknk="/>
    </valueSignature>
  </parameter>
  <parameter>
    <name value="config"/>
    <part>
      <name value="site:nav:menu:dashboard:text"/>
      <valueString value="Dashboard"/>
    </part>
    <part>
      <name value="site:nav:menu:dashboard:order"/>
      <valueString value="5"/>
    </part>
    <part>
      <name value="site:nav:menu:dashboard:icon"/>
      <valueString value="mdi-poll-box"/>
    </part>
    <part>
      <name value="site:nav:menu:dashboard:menu:staff:text"/>
      <valueString value="Staff"/>
    </part>
    <part>
      <name value="site:nav:menu:dashboard:menu:staff:url"/>
      <valueString value="/dashboard/02a830b0-682f-11ea-b869-59440bc44685"/>
    </part>
  </parameter>
</Parameters>