<?xml version="1.0" encoding="UTF-8"?><CodeSystem xmlns="http://hl7.org/fhir"><id value="ihris-relation-codesystem"/><text><status value="generated"/><div xmlns="http://www.w3.org/1999/xhtml"><p>This code system <code>http://ihris.org/fhir/CodeSystem/ihris-relation-codesystem</code> defines the following codes:</p><table class="codes"><tr><td style="white-space:nowrap"><b>Code</b></td><td><b>Display</b></td><td><b>Definition</b></td></tr><tr><td style="white-space:nowrap">spouse<a name="ihris-relation-codesystem-spouse"> </a></td><td>Spouse</td><td>Spouse</td></tr><tr><td style="white-space:nowrap">mother<a name="ihris-relation-codesystem-mother"> </a></td><td>Mother</td><td>Mother</td></tr><tr><td style="white-space:nowrap">father<a name="ihris-relation-codesystem-father"> </a></td><td>Father</td><td>Father</td></tr><tr><td style="white-space:nowrap">adoptedchild<a name="ihris-relation-codesystem-adoptedchild"> </a></td><td>Adopted Child</td><td>Adopted Child</td></tr><tr><td style="white-space:nowrap">bilogicalChild<a name="ihris-relation-codesystem-bilogicalChild"> </a></td><td>Biological Child</td><td>Biological Child</td></tr><tr><td style="white-space:nowrap">other<a name="ihris-relation-codesystem-other"> </a></td><td>other</td><td>other</td></tr></table></div></text><url value="http://ihris.org/fhir/CodeSystem/ihris-relation-codesystem"/><version value="0.1.0"/><name value="IhrisRelationCodesystem"/><title value="Relationship"/><status value="active"/><date value="2020-10-29T08:41:04.362Z"/><publisher value="Luke Duncan"/><contact><name value="Luke Duncan"/><telecom><system value="email"/><value value="lduncan@intrahealth.org"/></telecom></contact><content value="complete"/><count value="6"/><concept><code value="spouse"/><display value="Spouse"/><definition value="Spouse"/></concept><concept><code value="mother"/><display value="Mother"/><definition value="Mother"/></concept><concept><code value="father"/><display value="Father"/><definition value="Father"/></concept><concept><code value="adoptedchild"/><display value="Adopted Child"/><definition value="Adopted Child"/></concept><concept><code value="bilogicalChild"/><display value="Biological Child"/><definition value="Biological Child"/></concept><concept><code value="other"/><display value="other"/><definition value="other"/></concept></CodeSystem>