<?xml version="1.0" encoding="UTF-8"?><CodeSystem xmlns="http://hl7.org/fhir"><id value="ihris-facility-type"/><text><status value="generated"/><div xmlns="http://www.w3.org/1999/xhtml"><p>This code system <code>http://ihris.org/fhir/CodeSystem/ihris-facility-type</code> defines the following codes:</p><table class="codes"><tr><td style="white-space:nowrap"><b>Code</b></td><td><b>Display</b></td></tr><tr><td style="white-space:nowrap">hospital<a name="ihris-facility-type-hospital"> </a></td><td>Hospital</td></tr><tr><td style="white-space:nowrap">HC<a name="ihris-facility-type-HC"> </a></td><td>Health Center</td></tr><tr><td style="white-space:nowrap">HP<a name="ihris-facility-type-HP"> </a></td><td>Health Post</td></tr><tr><td style="white-space:nowrap">LAB<a name="ihris-facility-type-LAB"> </a></td><td>Laboratory</td></tr><tr><td style="white-space:nowrap">IC<a name="ihris-facility-type-IC"> </a></td><td>Imaging Center</td></tr><tr><td style="white-space:nowrap">SC<a name="ihris-facility-type-SC"> </a></td><td>Specaility Clinic</td></tr><tr><td style="white-space:nowrap">CLC<a name="ihris-facility-type-CLC"> </a></td><td>Clinic</td></tr><tr><td style="white-space:nowrap">SPC<a name="ihris-facility-type-SPC"> </a></td><td>Speciality Center</td></tr><tr><td style="white-space:nowrap">PHARM<a name="ihris-facility-type-PHARM"> </a></td><td>Pharmacy</td></tr><tr><td style="white-space:nowrap">HI<a name="ihris-facility-type-HI"> </a></td><td>Health Institution</td></tr><tr><td style="white-space:nowrap">HSC<a name="ihris-facility-type-HSC"> </a></td><td>Health Science College</td></tr><tr><td style="white-space:nowrap">AGN<a name="ihris-facility-type-AGN"> </a></td><td>Agencies</td></tr><tr><td style="white-space:nowrap">NGOs<a name="ihris-facility-type-NGOs"> </a></td><td>NGOs</td></tr><tr><td style="white-space:nowrap">ASSO<a name="ihris-facility-type-ASSO"> </a></td><td>Association</td></tr></table></div></text><url value="http://ihris.org/fhir/CodeSystem/ihris-facility-type"/><version value="0.1.0"/><name value="IhrisFacilityType"/><title value="Facility Type"/><status value="active"/><date value="2022-02-25T08:41:04.362Z"/><publisher value="Luke Duncan"/><contact><name value="Luke Duncan"/><telecom><system value="email"/><value value="lduncan@intrahealth.org"/></telecom></contact><content value="complete"/><count value="14"/><concept><code value="hospital"/><display value="Hospital"/></concept><concept><code value="HC"/><display value="Health Center"/></concept><concept><code value="HP"/><display value="Health Post"/></concept><concept><code value="LAB"/><display value="Laboratory"/></concept><concept><code value="IC"/><display value="Imaging Center"/></concept><concept><code value="SC"/><display value="Specaility Clinic"/></concept><concept><code value="CLC"/><display value="Clinic"/></concept><concept><code value="SPC"/><display value="Speciality Center"/></concept><concept><code value="PHARM"/><display value="Pharmacy"/></concept><concept><code value="HI"/><display value="Health Institution"/></concept><concept><code value="HSC"/><display value="Health Science College"/></concept><concept><code value="AGN"/><display value="Agencies"/></concept><concept><code value="NGOs"/><display value="NGOs"/></concept><concept><code value="ASSO"/><display value="Association"/></concept></CodeSystem>