<?xml version="1.0" encoding="UTF-8"?><SearchParameter xmlns="http://hl7.org/fhir"><id value="practitionerrole-related-practitioner"/><text><status value="generated"/><div xmlns="http://www.w3.org/1999/xhtml"><h2>Search Parameter on related practitioner resources for security</h2><p>Parameter <code>related-practitioner</code>:<code>string</code></p><div><p>Search by related practitioner for a PractitionerRole resource.</p>
</div><table class="grid"><tr><td>Resource</td><td><a href="http://hl7.org/fhir/R4/practitionerrole.html">PractitionerRole</a></td></tr><tr><td>Expression</td><td><code>PractitionerRole.extension('http://ihris.org/fhir/StructureDefinition/ihris-related-group').extension('practitioner')</code></td></tr><tr><td>Processing Mode</td><td>Normal</td></tr><tr><td>Multiples</td><td>The parameter cannot repeat or have multiple values</td></tr></table></div></text><url value="http://ihris.org/fhir/SearchParameter/practitionerrole-related-practitioner"/><version value="0.1.0"/><name value="Search Parameter on related practitioner resources for security"/><status value="active"/><date value="2023-06-05T15:57:19+03:00"/><publisher value="Luke Duncan"/><contact><name value="Luke Duncan"/><telecom><system value="email"/><value value="lduncan@intrahealth.org"/></telecom></contact><description value="Search by related practitioner for a PractitionerRole resource."/><code value="related-practitioner"/><base value="PractitionerRole"/><type value="string"/><expression value="PractitionerRole.extension('http://ihris.org/fhir/StructureDefinition/ihris-related-group').extension('practitioner')"/><xpathUsage value="normal"/></SearchParameter>