<?xml version="1.0" encoding="UTF-8"?><SearchParameter xmlns="http://hl7.org/fhir"><id value="leavetype-search"/><text><status value="generated"/><div xmlns="http://www.w3.org/1999/xhtml"><h2>Search Parameter for a practitioner's Leave Type</h2><p>Parameter <code>leavetype</code>:<code>token</code></p><div><p>Search for a practitioner's Leave Type.</p>
</div><table class="grid"><tr><td>Resource</td><td><a href="http://hl7.org/fhir/R4/basic.html">Basic</a></td></tr><tr><td>Expression</td><td><code>Basic.extension.where(url='http://ihris.org/fhir/StructureDefinition/ihris-ethiopia-leavea').extension.where(url='leave-type')</code></td></tr><tr><td>Processing Mode</td><td>Normal</td></tr><tr><td>Multiples</td><td>The parameter cannot repeat or have multiple values</td></tr></table></div></text><url value="http://ihris.org/fhir/SearchParameter/leavetype-search"/><version value="0.1.0"/><name value="Search Parameter for a practitioner's Leave Type"/><status value="active"/><date value="2023-06-05T15:57:19+03:00"/><publisher value="Luke Duncan"/><contact><name value="Luke Duncan"/><telecom><system value="email"/><value value="lduncan@intrahealth.org"/></telecom></contact><description value="Search for a practitioner's Leave Type."/><code value="leavetype"/><base value="Basic"/><type value="token"/><expression value="Basic.extension.where(url='http://ihris.org/fhir/StructureDefinition/ihris-ethiopia-leavea').extension.where(url='leave-type')"/><xpathUsage value="normal"/></SearchParameter>