<?xml version="1.0" encoding="UTF-8"?><ValueSet xmlns="http://hl7.org/fhir"><id value="ihris-document-category"/><text><status value="generated"/><div xmlns="http://www.w3.org/1999/xhtml"><ul><li>Include all codes defined in <a href="CodeSystem-ihris-document-category.html"><code>http://ihris.org/fhir/CodeSystem/ihris-document-category</code></a></li></ul></div></text><url value="http://ihris.org/fhir/ValueSet/ihris-document-category"/><version value="0.1.0"/><name value="IhrisDocumentCategoryValueSet"/><title value="Code system for document categories."/><status value="active"/><date value="2023-06-05T15:57:19+03:00"/><publisher value="Luke Duncan"/><contact><name value="Luke Duncan"/><telecom><system value="email"/><value value="lduncan@intrahealth.org"/></telecom></contact><compose><include><system value="http://ihris.org/fhir/CodeSystem/ihris-document-category"/></include></compose></ValueSet>