<?xml version="1.0" encoding="UTF-8"?><ValueSet xmlns="http://hl7.org/fhir"><id value="ihris-task-permission"/><text><status value="generated"/><div xmlns="http://www.w3.org/1999/xhtml"><ul><li>Include all codes defined in <a href="CodeSystem-ihris-task-permission.html"><code>http://ihris.org/fhir/CodeSystem/ihris-task-permission</code></a></li></ul></div></text><url value="http://ihris.org/fhir/ValueSet/ihris-task-permission"/><version value="0.1.0"/><name value="IhrisTaskPermissionValueSet"/><title value="Code system for task permissions."/><status value="active"/><date value="2021-03-26T09:25:04.362Z"/><publisher value="Luke Duncan"/><contact><name value="Luke Duncan"/><telecom><system value="email"/><value value="lduncan@intrahealth.org"/></telecom></contact><compose><include><system value="http://ihris.org/fhir/CodeSystem/ihris-task-permission"/></include></compose></ValueSet>