{
  "resourceType" : "Basic",
  "id" : "ihris-es-report-mhero-send-message",
  "meta" : {
    "profile" : ["http://ihris.org/fhir/StructureDefinition/iHRISRelationship"]
  },
  "text" : {
    "status" : "extensions",
    "div" : "<div xmlns=\"http://www.w3.org/1999/xhtml\"><p><b>Generated Narrative: Basic</b><a name=\"ihris-es-report-mhero-send-message\"> </a></p><div style=\"display: inline-block; background-color: #d9e0e7; padding: 6px; margin: 4px; border: 1px solid #8da1b4; border-radius: 5px; line-height: 60%\"><p style=\"margin-bottom: 0px\">Resource Basic &quot;ihris-es-report-mhero-send-message&quot; </p><p style=\"margin-bottom: 0px\">Profile: <a href=\"StructureDefinition-iHRISRelationship.html\">iHRIS Resources Relationship Profile</a></p></div><blockquote><p><b>Details of a report</b></p><blockquote><p><b>url</b></p><code>name</code></blockquote><p><b>value</b>: mheropractitioner</p><blockquote><p><b>url</b></p><code>label</code></blockquote><p><b>value</b>: Employee List</p><blockquote><p><b>url</b></p><code>resource</code></blockquote><p><b>value</b>: Practitioner</p><blockquote><p><b>url</b></p><code>query</code></blockquote><p><b>value</b>: identifier.system=http://app.rapidpro.io/contact-uuid</p><blockquote><p><b>url</b></p><code>displayCheckbox</code></blockquote><p><b>value</b>: true</p><p><b>Display Name</b>: Fullname</p><blockquote><p><b>url</b></p><a href=\"StructureDefinition-iHRISReportElement.html\">Resource Fields</a></blockquote><p><b>Display Name</b>: Phone Number</p><blockquote><p><b>url</b></p><a href=\"StructureDefinition-iHRISReportElement.html\">Resource Fields</a></blockquote></blockquote><blockquote><p><b>Links to the primary resource</b></p><blockquote><p><b>url</b></p><code>name</code></blockquote><p><b>value</b>: facility</p><blockquote><p><b>url</b></p><code>resource</code></blockquote><p><b>value</b>: Location</p><blockquote><p><b>url</b></p><code>linkElement</code></blockquote><p><b>value</b>: Location.id</p><blockquote><p><b>url</b></p><code>linkTo</code></blockquote><p><b>value</b>: role.location</p><blockquote><p><b>url</b></p><code>linkElementSearchParameter</code></blockquote><p><b>value</b>: practitioner</p><blockquote><p><b>url</b></p><code>multiple</code></blockquote><p><b>value</b>: false</p><p><b>Display Name</b>: Facility</p><blockquote><p><b>url</b></p><a href=\"StructureDefinition-iHRISReportElement.html\">Resource Fields</a></blockquote></blockquote><p><b>code</b>: iHRIS Relationship <span style=\"background: LightGoldenRodYellow; margin: 4px; border: 1px solid khaki\"> ()</span></p></div>"
  },
  "extension" : [{
    "extension" : [{
      "url" : "name",
      "valueString" : "mheropractitioner"
    },
    {
      "url" : "label",
      "valueString" : "Employee List"
    },
    {
      "url" : "resource",
      "valueString" : "Practitioner"
    },
    {
      "url" : "query",
      "valueString" : "identifier.system=http://app.rapidpro.io/contact-uuid"
    },
    {
      "url" : "displayCheckbox",
      "valueBoolean" : true
    },
    {
      "extension" : [{
        "url" : "label",
        "valueString" : "fullname"
      },
      {
        "url" : "name",
        "valueString" : "name.where(use='official').last().text"
      },
      {
        "url" : "display",
        "valueString" : "Fullname"
      },
      {
        "url" : "filter",
        "valueBoolean" : true
      },
      {
        "url" : "dropDownFilter",
        "valueBoolean" : false
      }],
      "url" : "http://ihris.org/fhir/StructureDefinition/iHRISReportElement"
    },
    {
      "extension" : [{
        "url" : "label",
        "valueString" : "phone"
      },
      {
        "url" : "name",
        "valueString" : "telecom.where(system='phone').value"
      },
      {
        "url" : "display",
        "valueString" : "Phone Number"
      }],
      "url" : "http://ihris.org/fhir/StructureDefinition/iHRISReportElement"
    }],
    "url" : "http://ihris.org/fhir/StructureDefinition/iHRISReportDetails"
  },
  {
    "extension" : [{
      "url" : "name",
      "valueString" : "facility"
    },
    {
      "url" : "resource",
      "valueString" : "Location"
    },
    {
      "url" : "linkElement",
      "valueString" : "Location.id"
    },
    {
      "url" : "linkTo",
      "valueString" : "role.location"
    },
    {
      "url" : "linkElementSearchParameter",
      "valueString" : "practitioner"
    },
    {
      "url" : "multiple",
      "valueBoolean" : false
    },
    {
      "extension" : [{
        "url" : "label",
        "valueString" : "facilityName"
      },
      {
        "url" : "name",
        "valueString" : "name"
      },
      {
        "url" : "display",
        "valueString" : "Facility"
      },
      {
        "url" : "filter",
        "valueBoolean" : true
      },
      {
        "url" : "dropDownFilter",
        "valueBoolean" : true
      }],
      "url" : "http://ihris.org/fhir/StructureDefinition/iHRISReportElement"
    }],
    "url" : "http://ihris.org/fhir/StructureDefinition/iHRISReportLink"
  }],
  "code" : {
    "text" : "iHRIS Relationship"
  }
}