{
  "resourceType" : "Basic",
  "id" : "ihris-task-write-practitioner-role-resource",
  "meta" : {
    "profile" : ["http://ihris.org/fhir/StructureDefinition/ihris-task"]
  },
  "text" : {
    "status" : "extensions",
    "div" : "<div xmlns=\"http://www.w3.org/1999/xhtml\"><p><b>Generated Narrative: Basic</b><a name=\"ihris-task-write-practitioner-role-resource\"> </a></p><div style=\"display: inline-block; background-color: #d9e0e7; padding: 6px; margin: 4px; border: 1px solid #8da1b4; border-radius: 5px; line-height: 60%\"><p style=\"margin-bottom: 0px\">Resource Basic &quot;ihris-task-write-practitioner-role-resource&quot; </p><p style=\"margin-bottom: 0px\">Profile: <a href=\"StructureDefinition-ihris-task.html\">iHRIS Task</a></p></div><p><b>iHRIS Basic Name</b>: write-practitioner-role-resource</p><blockquote><p><b>Task Attributes</b></p><blockquote><p><b>url</b></p><code>permission</code></blockquote><p><b>value</b>: write</p><blockquote><p><b>url</b></p><code>resource</code></blockquote><p><b>value</b>: PractitionerRole</p></blockquote><p><b>Composite Task</b>: <a href=\"Basic-ihris-task-read-practitioner-role-resource.html\">Basic/ihris-task-read-practitioner-role-resource</a></p><p><b>code</b>: iHRIS Task <span style=\"background: LightGoldenRodYellow; margin: 4px; border: 1px solid khaki\"> (<a href=\"CodeSystem-ihris-resource-codesystem.html\">Code System for iHRIS Basic Resources.</a>#task)</span></p></div>"
  },
  "extension" : [{
    "url" : "http://ihris.org/fhir/StructureDefinition/ihris-basic-name",
    "valueString" : "write-practitioner-role-resource"
  },
  {
    "extension" : [{
      "url" : "permission",
      "valueCode" : "write"
    },
    {
      "url" : "resource",
      "valueCode" : "PractitionerRole"
    }],
    "url" : "http://ihris.org/fhir/StructureDefinition/task-attributes"
  },
  {
    "url" : "http://ihris.org/fhir/StructureDefinition/composite-task",
    "valueReference" : {
      "reference" : "Basic/ihris-task-read-practitioner-role-resource"
    }
  }],
  "code" : {
    "coding" : [{
      "system" : "http://ihris.org/fhir/CodeSystem/ihris-resource-codesystem",
      "code" : "task"
    }]
  }
}