{
  "resourceType" : "CodeSystem",
  "id" : "ihris-jurisdiction-type",
  "text" : {
    "status" : "generated",
    "div" : "<div xmlns=\"http://www.w3.org/1999/xhtml\"><p>This code system <code>http://ihris.org/fhir/CodeSystem/ihris-jurisdiction-type</code> defines the following codes:</p><table class=\"codes\"><tr><td style=\"white-space:nowrap\"><b>Code</b></td><td><b>Display</b></td><td><b>Definition</b></td></tr><tr><td style=\"white-space:nowrap\">country<a name=\"ihris-jurisdiction-type-country\"> </a></td><td>Country</td><td>Country</td></tr><tr><td style=\"white-space:nowrap\">municipality<a name=\"ihris-jurisdiction-type-municipality\"> </a></td><td>Municipality</td><td>Municipality</td></tr><tr><td style=\"white-space:nowrap\">subdistrict<a name=\"ihris-jurisdiction-type-subdistrict\"> </a></td><td>Sub District</td><td>Sub District</td></tr><tr><td style=\"white-space:nowrap\">village<a name=\"ihris-jurisdiction-type-village\"> </a></td><td>Village</td><td>Village</td></tr></table></div>"
  },
  "url" : "http://ihris.org/fhir/CodeSystem/ihris-jurisdiction-type",
  "version" : "0.1.0",
  "name" : "IhrisJurisdictionType",
  "title" : "Jurisdiction Type",
  "status" : "active",
  "date" : "2020-11-12T08:41:04.362Z",
  "publisher" : "Luke Duncan",
  "contact" : [{
    "name" : "Luke Duncan",
    "telecom" : [{
      "system" : "email",
      "value" : "lduncan@intrahealth.org"
    }]
  }],
  "content" : "complete",
  "count" : 4,
  "concept" : [{
    "code" : "country",
    "display" : "Country",
    "definition" : "Country"
  },
  {
    "code" : "municipality",
    "display" : "Municipality",
    "definition" : "Municipality"
  },
  {
    "code" : "subdistrict",
    "display" : "Sub District",
    "definition" : "Sub District"
  },
  {
    "code" : "village",
    "display" : "Village",
    "definition" : "Village"
  }]
}