{
  "resourceType" : "CodeSystem",
  "id" : "ihris-task-permission",
  "text" : {
    "status" : "generated",
    "div" : "<div xmlns=\"http://www.w3.org/1999/xhtml\"><p>This code system <code>http://ihris.org/fhir/CodeSystem/ihris-task-permission</code> defines the following codes:</p><table class=\"codes\"><tr><td style=\"white-space:nowrap\"><b>Code</b></td><td><b>Display</b></td><td><b>Definition</b></td></tr><tr><td style=\"white-space:nowrap\">*<a name=\"ihris-task-permission-.42\"> </a></td><td>All</td><td>Can do any task.</td></tr><tr><td style=\"white-space:nowrap\">read<a name=\"ihris-task-permission-read\"> </a></td><td>Read</td><td>Can read the given resource.</td></tr><tr><td style=\"white-space:nowrap\">write<a name=\"ihris-task-permission-write\"> </a></td><td>Write</td><td>Can write the given resource.</td></tr><tr><td style=\"white-space:nowrap\">delete<a name=\"ihris-task-permission-delete\"> </a></td><td>Delete</td><td>Can delete the given resource.</td></tr><tr><td style=\"white-space:nowrap\">filter<a name=\"ihris-task-permission-filter\"> </a></td><td>Filter</td><td>Search filter constraints.</td></tr><tr><td style=\"white-space:nowrap\">special<a name=\"ihris-task-permission-special\"> </a></td><td>Special</td><td>Special non-resource permissions.</td></tr></table></div>"
  },
  "url" : "http://ihris.org/fhir/CodeSystem/ihris-task-permission",
  "version" : "0.1.0",
  "name" : "IhrisTaskPermissionCodeSystem",
  "title" : "Code system for task permissions.",
  "status" : "active",
  "date" : "2021-03-26T09:25:04.362Z",
  "publisher" : "Luke Duncan",
  "contact" : [{
    "name" : "Luke Duncan",
    "telecom" : [{
      "system" : "email",
      "value" : "lduncan@intrahealth.org"
    }]
  }],
  "content" : "complete",
  "count" : 6,
  "concept" : [{
    "code" : "*",
    "display" : "All",
    "definition" : "Can do any task."
  },
  {
    "code" : "read",
    "display" : "Read",
    "definition" : "Can read the given resource."
  },
  {
    "code" : "write",
    "display" : "Write",
    "definition" : "Can write the given resource."
  },
  {
    "code" : "delete",
    "display" : "Delete",
    "definition" : "Can delete the given resource."
  },
  {
    "code" : "filter",
    "display" : "Filter",
    "definition" : "Search filter constraints."
  },
  {
    "code" : "special",
    "display" : "Special",
    "definition" : "Special non-resource permissions."
  }]
}