{
  "resourceType" : "CodeSystem",
  "id" : "ihris-task-resource",
  "text" : {
    "status" : "generated",
    "div" : "<div xmlns=\"http://www.w3.org/1999/xhtml\"><p>This code system <code>http://ihris.org/fhir/CodeSystem/ihris-task-resource</code> defines the following codes:</p><table class=\"codes\"><tr><td style=\"white-space:nowrap\"><b>Code</b></td><td><b>Display</b></td></tr><tr><td style=\"white-space:nowrap\">*<a name=\"ihris-task-resource-.42\"> </a></td><td>All</td></tr><tr><td style=\"white-space:nowrap\">Practitioner<a name=\"ihris-task-resource-Practitioner\"> </a></td><td>Practitioner</td></tr><tr><td style=\"white-space:nowrap\">StructureDefinition<a name=\"ihris-task-resource-StructureDefinition\"> </a></td><td>StructureDefinition</td></tr><tr><td style=\"white-space:nowrap\">ValueSet<a name=\"ihris-task-resource-ValueSet\"> </a></td><td>ValueSet</td></tr><tr><td style=\"white-space:nowrap\">CodeSystem<a name=\"ihris-task-resource-CodeSystem\"> </a></td><td>CodeSystem</td></tr><tr><td style=\"white-space:nowrap\">Basic<a name=\"ihris-task-resource-Basic\"> </a></td><td>Basic</td></tr><tr><td style=\"white-space:nowrap\">DocumentReference<a name=\"ihris-task-resource-DocumentReference\"> </a></td><td>DocumentReference</td></tr><tr><td style=\"white-space:nowrap\">Organization<a name=\"ihris-task-resource-Organization\"> </a></td><td>Organization</td></tr><tr><td style=\"white-space:nowrap\">Questionnaire<a name=\"ihris-task-resource-Questionnaire\"> </a></td><td>Questionnaire</td></tr><tr><td style=\"white-space:nowrap\">QuestionnaireResponse<a name=\"ihris-task-resource-QuestionnaireResponse\"> </a></td><td>QuestionnaireResponse</td></tr><tr><td style=\"white-space:nowrap\">PractitionerRole<a name=\"ihris-task-resource-PractitionerRole\"> </a></td><td>PractitionerRole</td></tr><tr><td style=\"white-space:nowrap\">Location<a name=\"ihris-task-resource-Location\"> </a></td><td>Location</td></tr><tr><td style=\"white-space:nowrap\">Person<a name=\"ihris-task-resource-Person\"> </a></td><td>Person</td></tr><tr><td style=\"white-space:nowrap\">navigation<a name=\"ihris-task-resource-navigation\"> </a></td><td>Navigation</td></tr><tr><td style=\"white-space:nowrap\">section<a name=\"ihris-task-resource-section\"> </a></td><td>Page Section</td></tr></table></div>"
  },
  "url" : "http://ihris.org/fhir/CodeSystem/ihris-task-resource",
  "version" : "0.1.0",
  "name" : "IhrisTaskResourceCodeSystem",
  "title" : "Code system for task permissions.",
  "status" : "active",
  "date" : "2021-03-26T09:25:04.362Z",
  "publisher" : "Luke Duncan",
  "contact" : [{
    "name" : "Luke Duncan",
    "telecom" : [{
      "system" : "email",
      "value" : "lduncan@intrahealth.org"
    }]
  }],
  "content" : "complete",
  "count" : 15,
  "concept" : [{
    "code" : "*",
    "display" : "All"
  },
  {
    "code" : "Practitioner",
    "display" : "Practitioner"
  },
  {
    "code" : "StructureDefinition",
    "display" : "StructureDefinition"
  },
  {
    "code" : "ValueSet",
    "display" : "ValueSet"
  },
  {
    "code" : "CodeSystem",
    "display" : "CodeSystem"
  },
  {
    "code" : "Basic",
    "display" : "Basic"
  },
  {
    "code" : "DocumentReference",
    "display" : "DocumentReference"
  },
  {
    "code" : "Organization",
    "display" : "Organization"
  },
  {
    "code" : "Questionnaire",
    "display" : "Questionnaire"
  },
  {
    "code" : "QuestionnaireResponse",
    "display" : "QuestionnaireResponse"
  },
  {
    "code" : "PractitionerRole",
    "display" : "PractitionerRole"
  },
  {
    "code" : "Location",
    "display" : "Location"
  },
  {
    "code" : "Person",
    "display" : "Person"
  },
  {
    "code" : "navigation",
    "display" : "Navigation"
  },
  {
    "code" : "section",
    "display" : "Page Section"
  }]
}