{
  "resourceType" : "ImplementationGuide",
  "id" : "ihris",
  "text" : {
    "status" : "extensions",
    "div" : "<div xmlns=\"http://www.w3.org/1999/xhtml\"><h2>iHRIS</h2><p>The official URL for this implementation guide is: </p><pre>http://ihris.org/fhir/ImplementationGuide/ihris</pre><div><p>Conformance resources that define the base installation of iHRIS 5</p>\n</div></div>"
  },
  "url" : "http://ihris.org/fhir/ImplementationGuide/ihris",
  "version" : "0.1.0",
  "name" : "iHRIS",
  "status" : "active",
  "date" : "2023-06-05T15:57:19+03:00",
  "publisher" : "Luke Duncan",
  "contact" : [{
    "name" : "Luke Duncan",
    "telecom" : [{
      "system" : "email",
      "value" : "lduncan@intrahealth.org"
    }]
  }],
  "description" : "Conformance resources that define the base installation of iHRIS 5",
  "packageId" : "ihris",
  "license" : "CC0-1.0",
  "fhirVersion" : ["4.0.1"],
  "dependsOn" : [{
    "id" : "hl7tx",
    "extension" : [{
      "url" : "http://hl7.org/fhir/tools/StructureDefinition/implementationguide-dependency-comment",
      "valueMarkdown" : "Automatically added as a dependency - all IGs depend on HL7 Terminology"
    }],
    "uri" : "http://terminology.hl7.org/ImplementationGuide/hl7.terminology",
    "packageId" : "hl7.terminology.r4",
    "version" : "5.0.0"
  },
  {
    "id" : "hl7ext",
    "extension" : [{
      "url" : "http://hl7.org/fhir/tools/StructureDefinition/implementationguide-dependency-comment",
      "valueMarkdown" : "Automatically added as a dependency - all IGs depend on the HL7 Extension Pack"
    }],
    "uri" : "http://hl7.org/fhir/extensions/ImplementationGuide/hl7.fhir.uv.extensions",
    "packageId" : "hl7.fhir.uv.extensions.r4",
    "version" : "1.0.0"
  }],
  "definition" : {
    "extension" : [{
      "extension" : [{
        "url" : "code",
        "valueString" : "copyrightyear"
      },
      {
        "url" : "value",
        "valueString" : "2020+"
      }],
      "url" : "http://hl7.org/fhir/tools/StructureDefinition/ig-parameter"
    },
    {
      "extension" : [{
        "url" : "code",
        "valueString" : "releaselabel"
      },
      {
        "url" : "value",
        "valueString" : "ci-build"
      }],
      "url" : "http://hl7.org/fhir/tools/StructureDefinition/ig-parameter"
    },
    {
      "extension" : [{
        "url" : "code",
        "valueString" : "show-inherited-invariants"
      },
      {
        "url" : "value",
        "valueString" : "false"
      }],
      "url" : "http://hl7.org/fhir/tools/StructureDefinition/ig-parameter"
    },
    {
      "extension" : [{
        "url" : "code",
        "valueString" : "autoload-resources"
      },
      {
        "url" : "value",
        "valueString" : "true"
      }],
      "url" : "http://hl7.org/fhir/tools/StructureDefinition/ig-parameter"
    },
    {
      "extension" : [{
        "url" : "code",
        "valueString" : "path-liquid"
      },
      {
        "url" : "value",
        "valueString" : "template/liquid"
      }],
      "url" : "http://hl7.org/fhir/tools/StructureDefinition/ig-parameter"
    },
    {
      "extension" : [{
        "url" : "code",
        "valueString" : "path-liquid"
      },
      {
        "url" : "value",
        "valueString" : "input/liquid"
      }],
      "url" : "http://hl7.org/fhir/tools/StructureDefinition/ig-parameter"
    },
    {
      "extension" : [{
        "url" : "code",
        "valueString" : "path-qa"
      },
      {
        "url" : "value",
        "valueString" : "temp/qa"
      }],
      "url" : "http://hl7.org/fhir/tools/StructureDefinition/ig-parameter"
    },
    {
      "extension" : [{
        "url" : "code",
        "valueString" : "path-temp"
      },
      {
        "url" : "value",
        "valueString" : "temp/pages"
      }],
      "url" : "http://hl7.org/fhir/tools/StructureDefinition/ig-parameter"
    },
    {
      "extension" : [{
        "url" : "code",
        "valueString" : "path-output"
      },
      {
        "url" : "value",
        "valueString" : "output"
      }],
      "url" : "http://hl7.org/fhir/tools/StructureDefinition/ig-parameter"
    },
    {
      "extension" : [{
        "url" : "code",
        "valueString" : "path-suppressed-warnings"
      },
      {
        "url" : "value",
        "valueString" : "input/ignoreWarnings.txt"
      }],
      "url" : "http://hl7.org/fhir/tools/StructureDefinition/ig-parameter"
    },
    {
      "extension" : [{
        "url" : "code",
        "valueString" : "path-history"
      },
      {
        "url" : "value",
        "valueString" : "http://ihris.org/fhir/history.html"
      }],
      "url" : "http://hl7.org/fhir/tools/StructureDefinition/ig-parameter"
    },
    {
      "extension" : [{
        "url" : "code",
        "valueString" : "template-html"
      },
      {
        "url" : "value",
        "valueString" : "template-page.html"
      }],
      "url" : "http://hl7.org/fhir/tools/StructureDefinition/ig-parameter"
    },
    {
      "extension" : [{
        "url" : "code",
        "valueString" : "template-md"
      },
      {
        "url" : "value",
        "valueString" : "template-page-md.html"
      }],
      "url" : "http://hl7.org/fhir/tools/StructureDefinition/ig-parameter"
    },
    {
      "extension" : [{
        "url" : "code",
        "valueString" : "apply-contact"
      },
      {
        "url" : "value",
        "valueString" : "true"
      }],
      "url" : "http://hl7.org/fhir/tools/StructureDefinition/ig-parameter"
    },
    {
      "extension" : [{
        "url" : "code",
        "valueString" : "apply-context"
      },
      {
        "url" : "value",
        "valueString" : "true"
      }],
      "url" : "http://hl7.org/fhir/tools/StructureDefinition/ig-parameter"
    },
    {
      "extension" : [{
        "url" : "code",
        "valueString" : "apply-copyright"
      },
      {
        "url" : "value",
        "valueString" : "true"
      }],
      "url" : "http://hl7.org/fhir/tools/StructureDefinition/ig-parameter"
    },
    {
      "extension" : [{
        "url" : "code",
        "valueString" : "apply-jurisdiction"
      },
      {
        "url" : "value",
        "valueString" : "true"
      }],
      "url" : "http://hl7.org/fhir/tools/StructureDefinition/ig-parameter"
    },
    {
      "extension" : [{
        "url" : "code",
        "valueString" : "apply-license"
      },
      {
        "url" : "value",
        "valueString" : "true"
      }],
      "url" : "http://hl7.org/fhir/tools/StructureDefinition/ig-parameter"
    },
    {
      "extension" : [{
        "url" : "code",
        "valueString" : "apply-publisher"
      },
      {
        "url" : "value",
        "valueString" : "true"
      }],
      "url" : "http://hl7.org/fhir/tools/StructureDefinition/ig-parameter"
    },
    {
      "extension" : [{
        "url" : "code",
        "valueString" : "apply-version"
      },
      {
        "url" : "value",
        "valueString" : "true"
      }],
      "url" : "http://hl7.org/fhir/tools/StructureDefinition/ig-parameter"
    },
    {
      "extension" : [{
        "url" : "code",
        "valueString" : "active-tables"
      },
      {
        "url" : "value",
        "valueString" : "true"
      }],
      "url" : "http://hl7.org/fhir/tools/StructureDefinition/ig-parameter"
    },
    {
      "extension" : [{
        "url" : "code",
        "valueString" : "fmm-definition"
      },
      {
        "url" : "value",
        "valueString" : "http://hl7.org/fhir/versions.html#maturity"
      }],
      "url" : "http://hl7.org/fhir/tools/StructureDefinition/ig-parameter"
    },
    {
      "extension" : [{
        "url" : "code",
        "valueString" : "propagate-status"
      },
      {
        "url" : "value",
        "valueString" : "true"
      }],
      "url" : "http://hl7.org/fhir/tools/StructureDefinition/ig-parameter"
    },
    {
      "extension" : [{
        "url" : "code",
        "valueString" : "excludelogbinaryformat"
      },
      {
        "url" : "value",
        "valueString" : "true"
      }],
      "url" : "http://hl7.org/fhir/tools/StructureDefinition/ig-parameter"
    },
    {
      "extension" : [{
        "url" : "code",
        "valueString" : "tabbed-snapshots"
      },
      {
        "url" : "value",
        "valueString" : "true"
      }],
      "url" : "http://hl7.org/fhir/tools/StructureDefinition/ig-parameter"
    },
    {
      "url" : "http://hl7.org/fhir/tools/StructureDefinition/ig-internal-dependency",
      "valueCode" : "hl7.fhir.uv.tools#current"
    },
    {
      "extension" : [{
        "url" : "code",
        "valueCode" : "copyrightyear"
      },
      {
        "url" : "value",
        "valueString" : "2020+"
      }],
      "url" : "http://hl7.org/fhir/tools/StructureDefinition/ig-parameter"
    },
    {
      "extension" : [{
        "url" : "code",
        "valueCode" : "releaselabel"
      },
      {
        "url" : "value",
        "valueString" : "ci-build"
      }],
      "url" : "http://hl7.org/fhir/tools/StructureDefinition/ig-parameter"
    },
    {
      "extension" : [{
        "url" : "code",
        "valueCode" : "show-inherited-invariants"
      },
      {
        "url" : "value",
        "valueString" : "false"
      }],
      "url" : "http://hl7.org/fhir/tools/StructureDefinition/ig-parameter"
    },
    {
      "extension" : [{
        "url" : "code",
        "valueCode" : "autoload-resources"
      },
      {
        "url" : "value",
        "valueString" : "true"
      }],
      "url" : "http://hl7.org/fhir/tools/StructureDefinition/ig-parameter"
    },
    {
      "extension" : [{
        "url" : "code",
        "valueCode" : "path-liquid"
      },
      {
        "url" : "value",
        "valueString" : "template/liquid"
      }],
      "url" : "http://hl7.org/fhir/tools/StructureDefinition/ig-parameter"
    },
    {
      "extension" : [{
        "url" : "code",
        "valueCode" : "path-liquid"
      },
      {
        "url" : "value",
        "valueString" : "input/liquid"
      }],
      "url" : "http://hl7.org/fhir/tools/StructureDefinition/ig-parameter"
    },
    {
      "extension" : [{
        "url" : "code",
        "valueCode" : "path-qa"
      },
      {
        "url" : "value",
        "valueString" : "temp/qa"
      }],
      "url" : "http://hl7.org/fhir/tools/StructureDefinition/ig-parameter"
    },
    {
      "extension" : [{
        "url" : "code",
        "valueCode" : "path-temp"
      },
      {
        "url" : "value",
        "valueString" : "temp/pages"
      }],
      "url" : "http://hl7.org/fhir/tools/StructureDefinition/ig-parameter"
    },
    {
      "extension" : [{
        "url" : "code",
        "valueCode" : "path-output"
      },
      {
        "url" : "value",
        "valueString" : "output"
      }],
      "url" : "http://hl7.org/fhir/tools/StructureDefinition/ig-parameter"
    },
    {
      "extension" : [{
        "url" : "code",
        "valueCode" : "path-suppressed-warnings"
      },
      {
        "url" : "value",
        "valueString" : "input/ignoreWarnings.txt"
      }],
      "url" : "http://hl7.org/fhir/tools/StructureDefinition/ig-parameter"
    },
    {
      "extension" : [{
        "url" : "code",
        "valueCode" : "path-history"
      },
      {
        "url" : "value",
        "valueString" : "http://ihris.org/fhir/history.html"
      }],
      "url" : "http://hl7.org/fhir/tools/StructureDefinition/ig-parameter"
    },
    {
      "extension" : [{
        "url" : "code",
        "valueCode" : "template-html"
      },
      {
        "url" : "value",
        "valueString" : "template-page.html"
      }],
      "url" : "http://hl7.org/fhir/tools/StructureDefinition/ig-parameter"
    },
    {
      "extension" : [{
        "url" : "code",
        "valueCode" : "template-md"
      },
      {
        "url" : "value",
        "valueString" : "template-page-md.html"
      }],
      "url" : "http://hl7.org/fhir/tools/StructureDefinition/ig-parameter"
    },
    {
      "extension" : [{
        "url" : "code",
        "valueCode" : "apply-contact"
      },
      {
        "url" : "value",
        "valueString" : "true"
      }],
      "url" : "http://hl7.org/fhir/tools/StructureDefinition/ig-parameter"
    },
    {
      "extension" : [{
        "url" : "code",
        "valueCode" : "apply-context"
      },
      {
        "url" : "value",
        "valueString" : "true"
      }],
      "url" : "http://hl7.org/fhir/tools/StructureDefinition/ig-parameter"
    },
    {
      "extension" : [{
        "url" : "code",
        "valueCode" : "apply-copyright"
      },
      {
        "url" : "value",
        "valueString" : "true"
      }],
      "url" : "http://hl7.org/fhir/tools/StructureDefinition/ig-parameter"
    },
    {
      "extension" : [{
        "url" : "code",
        "valueCode" : "apply-jurisdiction"
      },
      {
        "url" : "value",
        "valueString" : "true"
      }],
      "url" : "http://hl7.org/fhir/tools/StructureDefinition/ig-parameter"
    },
    {
      "extension" : [{
        "url" : "code",
        "valueCode" : "apply-license"
      },
      {
        "url" : "value",
        "valueString" : "true"
      }],
      "url" : "http://hl7.org/fhir/tools/StructureDefinition/ig-parameter"
    },
    {
      "extension" : [{
        "url" : "code",
        "valueCode" : "apply-publisher"
      },
      {
        "url" : "value",
        "valueString" : "true"
      }],
      "url" : "http://hl7.org/fhir/tools/StructureDefinition/ig-parameter"
    },
    {
      "extension" : [{
        "url" : "code",
        "valueCode" : "apply-version"
      },
      {
        "url" : "value",
        "valueString" : "true"
      }],
      "url" : "http://hl7.org/fhir/tools/StructureDefinition/ig-parameter"
    },
    {
      "extension" : [{
        "url" : "code",
        "valueCode" : "active-tables"
      },
      {
        "url" : "value",
        "valueString" : "true"
      }],
      "url" : "http://hl7.org/fhir/tools/StructureDefinition/ig-parameter"
    },
    {
      "extension" : [{
        "url" : "code",
        "valueCode" : "fmm-definition"
      },
      {
        "url" : "value",
        "valueString" : "http://hl7.org/fhir/versions.html#maturity"
      }],
      "url" : "http://hl7.org/fhir/tools/StructureDefinition/ig-parameter"
    },
    {
      "extension" : [{
        "url" : "code",
        "valueCode" : "propagate-status"
      },
      {
        "url" : "value",
        "valueString" : "true"
      }],
      "url" : "http://hl7.org/fhir/tools/StructureDefinition/ig-parameter"
    },
    {
      "extension" : [{
        "url" : "code",
        "valueCode" : "excludelogbinaryformat"
      },
      {
        "url" : "value",
        "valueString" : "true"
      }],
      "url" : "http://hl7.org/fhir/tools/StructureDefinition/ig-parameter"
    },
    {
      "extension" : [{
        "url" : "code",
        "valueCode" : "tabbed-snapshots"
      },
      {
        "url" : "value",
        "valueString" : "true"
      }],
      "url" : "http://hl7.org/fhir/tools/StructureDefinition/ig-parameter"
    }],
    "resource" : [{
      "extension" : [{
        "url" : "http://hl7.org/fhir/tools/StructureDefinition/resource-information",
        "valueString" : "StructureDefinition:resource"
      }],
      "reference" : {
        "reference" : "StructureDefinition/ihris-auditevent"
      },
      "name" : "iHRIS Audit Event",
      "description" : "iHRIS profile for AuditEvent",
      "exampleBoolean" : false
    },
    {
      "extension" : [{
        "url" : "http://hl7.org/fhir/tools/StructureDefinition/resource-information",
        "valueString" : "StructureDefinition:resource"
      }],
      "reference" : {
        "reference" : "StructureDefinition/ihris-dashboard"
      },
      "name" : "iHRIS Dashboard",
      "description" : "iHRIS Profile of the Basic resource to manage dashboards.",
      "exampleBoolean" : false
    },
    {
      "extension" : [{
        "url" : "http://hl7.org/fhir/tools/StructureDefinition/resource-information",
        "valueString" : "StructureDefinition:resource"
      }],
      "reference" : {
        "reference" : "StructureDefinition/ihris-data-visualization"
      },
      "name" : "iHRIS Data Visualizer",
      "description" : "iHRIS Profile of the Basic resource to manage visualizations.",
      "exampleBoolean" : false
    },
    {
      "extension" : [{
        "url" : "http://hl7.org/fhir/tools/StructureDefinition/resource-information",
        "valueString" : "StructureDefinition:resource"
      }],
      "reference" : {
        "reference" : "StructureDefinition/ihris-document"
      },
      "name" : "iHRIS Document",
      "description" : "iHRIS Profile of the DocumentReference resource to manage static documents.",
      "exampleBoolean" : false
    },
    {
      "extension" : [{
        "url" : "http://hl7.org/fhir/tools/StructureDefinition/resource-information",
        "valueString" : "StructureDefinition:resource"
      }],
      "reference" : {
        "reference" : "StructureDefinition/ihris-facility"
      },
      "name" : "iHRIS Facility",
      "description" : "iHRIS Profile of Locations to manage facilities.",
      "exampleBoolean" : false
    },
    {
      "extension" : [{
        "url" : "http://hl7.org/fhir/tools/StructureDefinition/resource-information",
        "valueString" : "StructureDefinition:resource"
      }],
      "reference" : {
        "reference" : "StructureDefinition/ihris-jurisdiction"
      },
      "name" : "Jurisdiction",
      "description" : "iHRIS Profile of Locations to manage jurisdictions.",
      "exampleBoolean" : false
    },
    {
      "extension" : [{
        "url" : "http://hl7.org/fhir/tools/StructureDefinition/resource-information",
        "valueString" : "StructureDefinition:resource"
      }],
      "reference" : {
        "reference" : "StructureDefinition/ihris-module"
      },
      "name" : "iHRIS Module",
      "description" : "iHRIS profile of Library resource to manage modules.",
      "exampleBoolean" : false
    },
    {
      "extension" : [{
        "url" : "http://hl7.org/fhir/tools/StructureDefinition/resource-information",
        "valueString" : "StructureDefinition:resource"
      }],
      "reference" : {
        "reference" : "StructureDefinition/ihris-page"
      },
      "name" : "iHRIS Page",
      "description" : "iHRIS Profile of the Basic resource to manage pages.",
      "exampleBoolean" : false
    },
    {
      "extension" : [{
        "url" : "http://hl7.org/fhir/tools/StructureDefinition/resource-information",
        "valueString" : "StructureDefinition:resource"
      }],
      "reference" : {
        "reference" : "StructureDefinition/ihris-parameters-local-config"
      },
      "name" : "iHRIS Parameters Local Config",
      "description" : "Configuration Parameters to be loaded from a local file for iHRIS.",
      "exampleBoolean" : false
    },
    {
      "extension" : [{
        "url" : "http://hl7.org/fhir/tools/StructureDefinition/resource-information",
        "valueString" : "StructureDefinition:resource"
      }],
      "reference" : {
        "reference" : "StructureDefinition/ihris-parameters-remote-config"
      },
      "name" : "iHRIS Parameters Remote Config",
      "description" : "Configuration Parameters to be loaded from a remote file for iHRIS.",
      "exampleBoolean" : false
    },
    {
      "extension" : [{
        "url" : "http://hl7.org/fhir/tools/StructureDefinition/resource-information",
        "valueString" : "StructureDefinition:resource"
      }],
      "reference" : {
        "reference" : "StructureDefinition/ihris-practitioner"
      },
      "name" : "iHRIS Practitioner",
      "description" : "iHRIS profile of Practitioner.",
      "exampleBoolean" : false
    },
    {
      "extension" : [{
        "url" : "http://hl7.org/fhir/tools/StructureDefinition/resource-information",
        "valueString" : "StructureDefinition:resource"
      }],
      "reference" : {
        "reference" : "StructureDefinition/ihris-practitioner-role"
      },
      "name" : "iHRIS Practitioner Role",
      "description" : "iHRIS profile of Practitioner Role.",
      "exampleBoolean" : false
    },
    {
      "extension" : [{
        "url" : "http://hl7.org/fhir/tools/StructureDefinition/resource-information",
        "valueString" : "StructureDefinition:resource"
      }],
      "reference" : {
        "reference" : "StructureDefinition/ihris-questionnaire"
      },
      "name" : "iHRIS Questionnaire",
      "description" : "iHRIS Profile of the Questionnaire resource for data entry and validation.",
      "exampleBoolean" : false
    },
    {
      "extension" : [{
        "url" : "http://hl7.org/fhir/tools/StructureDefinition/resource-information",
        "valueString" : "StructureDefinition:resource"
      }],
      "reference" : {
        "reference" : "StructureDefinition/iHRISRelationship"
      },
      "name" : "iHRIS Resources Relationship Profile",
      "description" : "iHRIS Resources Relationship Profile",
      "exampleBoolean" : false
    },
    {
      "extension" : [{
        "url" : "http://hl7.org/fhir/tools/StructureDefinition/resource-information",
        "valueString" : "StructureDefinition:resource"
      }],
      "reference" : {
        "reference" : "StructureDefinition/ihris-report"
      },
      "name" : "iHRIS Report",
      "description" : "iHRIS Profile of the Basic resource to manage reports.",
      "exampleBoolean" : false
    },
    {
      "extension" : [{
        "url" : "http://hl7.org/fhir/tools/StructureDefinition/resource-information",
        "valueString" : "StructureDefinition:resource"
      }],
      "reference" : {
        "reference" : "StructureDefinition/ihris-role"
      },
      "name" : "iHRIS Role",
      "description" : "iHRIS Profile of the Basic resource to manage roles.",
      "exampleBoolean" : false
    },
    {
      "extension" : [{
        "url" : "http://hl7.org/fhir/tools/StructureDefinition/resource-information",
        "valueString" : "StructureDefinition:resource"
      }],
      "reference" : {
        "reference" : "StructureDefinition/ihris-task"
      },
      "name" : "iHRIS Task",
      "description" : "iHRIS Profile of the Basic resource to manage tasks.",
      "exampleBoolean" : false
    },
    {
      "extension" : [{
        "url" : "http://hl7.org/fhir/tools/StructureDefinition/resource-information",
        "valueString" : "StructureDefinition:extension"
      }],
      "reference" : {
        "reference" : "StructureDefinition/composite-task"
      },
      "name" : "Composite Task",
      "description" : "Tasks Inheritance",
      "exampleBoolean" : false
    },
    {
      "extension" : [{
        "url" : "http://hl7.org/fhir/tools/StructureDefinition/resource-information",
        "valueString" : "StructureDefinition:extension"
      }],
      "reference" : {
        "reference" : "StructureDefinition/ihris-assign-role"
      },
      "name" : "iHRIS Assign Role",
      "description" : "iHRIS Assign Role to a user or other role.",
      "exampleBoolean" : false
    },
    {
      "extension" : [{
        "url" : "http://hl7.org/fhir/tools/StructureDefinition/resource-information",
        "valueString" : "StructureDefinition:extension"
      }],
      "reference" : {
        "reference" : "StructureDefinition/ihris-assign-task"
      },
      "name" : "iHRIS Assign Task",
      "description" : "iHRIS Assign Task to a user or other task.",
      "exampleBoolean" : false
    },
    {
      "extension" : [{
        "url" : "http://hl7.org/fhir/tools/StructureDefinition/resource-information",
        "valueString" : "StructureDefinition:extension"
      }],
      "reference" : {
        "reference" : "StructureDefinition/ihris-basic-name"
      },
      "name" : "iHRIS Basic Name",
      "description" : "iHRIS name field for basic resources.",
      "exampleBoolean" : false
    },
    {
      "extension" : [{
        "url" : "http://hl7.org/fhir/tools/StructureDefinition/resource-information",
        "valueString" : "StructureDefinition:extension"
      }],
      "reference" : {
        "reference" : "StructureDefinition/ihris-dashboard-visualization"
      },
      "name" : "iHRIS Dashboard Visualization",
      "description" : "iHRIS Dashboard Visualization",
      "exampleBoolean" : false
    },
    {
      "extension" : [{
        "url" : "http://hl7.org/fhir/tools/StructureDefinition/resource-information",
        "valueString" : "StructureDefinition:extension"
      }],
      "reference" : {
        "reference" : "StructureDefinition/ihris-facility-information-details"
      },
      "name" : "Ihris Facility Information Details",
      "description" : "Defines the primary resource of the facility information ",
      "exampleBoolean" : false
    },
    {
      "extension" : [{
        "url" : "http://hl7.org/fhir/tools/StructureDefinition/resource-information",
        "valueString" : "StructureDefinition:extension"
      }],
      "reference" : {
        "reference" : "StructureDefinition/ihris-facility-ownership-prefix"
      },
      "name" : "iHRIS facility ownership type",
      "description" : "iHRIS extension for Personal Prefix.",
      "exampleBoolean" : false
    },
    {
      "extension" : [{
        "url" : "http://hl7.org/fhir/tools/StructureDefinition/resource-information",
        "valueString" : "StructureDefinition:extension"
      }],
      "reference" : {
        "reference" : "StructureDefinition/ihris-page-display"
      },
      "name" : "iHRIS Page Display",
      "description" : "iHRIS Page Display details.",
      "exampleBoolean" : false
    },
    {
      "extension" : [{
        "url" : "http://hl7.org/fhir/tools/StructureDefinition/resource-information",
        "valueString" : "StructureDefinition:extension"
      }],
      "reference" : {
        "reference" : "StructureDefinition/ihris-page-section"
      },
      "name" : "iHRIS Page Section",
      "description" : "iHRIS Page Section information.",
      "exampleBoolean" : false
    },
    {
      "extension" : [{
        "url" : "http://hl7.org/fhir/tools/StructureDefinition/resource-information",
        "valueString" : "StructureDefinition:extension"
      }],
      "reference" : {
        "reference" : "StructureDefinition/ihris-practitioner-dependent-detail"
      },
      "name" : "iHRIS Practitioner Dependent Detail",
      "description" : "iHRIS extension for Practitioner Dependent Detail.",
      "exampleBoolean" : false
    },
    {
      "extension" : [{
        "url" : "http://hl7.org/fhir/tools/StructureDefinition/resource-information",
        "valueString" : "StructureDefinition:extension"
      }],
      "reference" : {
        "reference" : "StructureDefinition/ihris-practitioner-dependents"
      },
      "name" : "iHRIS Practitioner Dependents",
      "description" : "iHRIS extension for Practitioner number of dependents.",
      "exampleBoolean" : false
    },
    {
      "extension" : [{
        "url" : "http://hl7.org/fhir/tools/StructureDefinition/resource-information",
        "valueString" : "StructureDefinition:extension"
      }],
      "reference" : {
        "reference" : "StructureDefinition/ihris-practitioner-language-proficiency"
      },
      "name" : "iHRIS Practitioner Language Proficiency",
      "description" : "iHRIS extension for Practitioner Language Proficiency.",
      "exampleBoolean" : false
    },
    {
      "extension" : [{
        "url" : "http://hl7.org/fhir/tools/StructureDefinition/resource-information",
        "valueString" : "StructureDefinition:extension"
      }],
      "reference" : {
        "reference" : "StructureDefinition/ihris-practitioner-marital-status"
      },
      "name" : "iHRIS Practitioner Marital Status",
      "description" : "iHRIS extension for Practitioner marital status.",
      "exampleBoolean" : false
    },
    {
      "extension" : [{
        "url" : "http://hl7.org/fhir/tools/StructureDefinition/resource-information",
        "valueString" : "StructureDefinition:extension"
      }],
      "reference" : {
        "reference" : "StructureDefinition/ihris-practitioner-nationality"
      },
      "name" : "iHRIS Practitioner Nationality",
      "description" : "iHRIS extension for Practitioner nationality.",
      "exampleBoolean" : false
    },
    {
      "extension" : [{
        "url" : "http://hl7.org/fhir/tools/StructureDefinition/resource-information",
        "valueString" : "StructureDefinition:extension"
      }],
      "reference" : {
        "reference" : "StructureDefinition/ihris-practitioner-residence"
      },
      "name" : "iHRIS Practitioner Residence",
      "description" : "iHRIS extension for Practitioner residence.",
      "exampleBoolean" : false
    },
    {
      "extension" : [{
        "url" : "http://hl7.org/fhir/tools/StructureDefinition/resource-information",
        "valueString" : "StructureDefinition:extension"
      }],
      "reference" : {
        "reference" : "StructureDefinition/iHRISReportDetails"
      },
      "name" : "Details of a report",
      "description" : "Defines the primary resource of the relationship",
      "exampleBoolean" : false
    },
    {
      "extension" : [{
        "url" : "http://hl7.org/fhir/tools/StructureDefinition/resource-information",
        "valueString" : "StructureDefinition:extension"
      }],
      "reference" : {
        "reference" : "StructureDefinition/iHRISReportElement"
      },
      "name" : "Resource Fields",
      "description" : "Lists fields of a resource to be displayed/cached",
      "exampleBoolean" : false
    },
    {
      "extension" : [{
        "url" : "http://hl7.org/fhir/tools/StructureDefinition/resource-information",
        "valueString" : "StructureDefinition:extension"
      }],
      "reference" : {
        "reference" : "StructureDefinition/iHRISReportLink"
      },
      "name" : "Links to the primary resource",
      "description" : "Links to the primary resource",
      "exampleBoolean" : false
    },
    {
      "extension" : [{
        "url" : "http://hl7.org/fhir/tools/StructureDefinition/resource-information",
        "valueString" : "StructureDefinition:extension"
      }],
      "reference" : {
        "reference" : "StructureDefinition/ihris-resource-relationships"
      },
      "name" : "iHRIS Resource Relationships",
      "description" : "iHRIS Resource Relationships",
      "exampleBoolean" : false
    },
    {
      "extension" : [{
        "url" : "http://hl7.org/fhir/tools/StructureDefinition/resource-information",
        "valueString" : "StructureDefinition:extension"
      }],
      "reference" : {
        "reference" : "StructureDefinition/ihris-role-primary"
      },
      "name" : "iHRIS Role Primary",
      "description" : "iHRIS flag for roles to indicate a primary role for assignment to users.",
      "exampleBoolean" : false
    },
    {
      "extension" : [{
        "url" : "http://hl7.org/fhir/tools/StructureDefinition/resource-information",
        "valueString" : "StructureDefinition:extension"
      }],
      "reference" : {
        "reference" : "StructureDefinition/ihris-visualization-categories"
      },
      "name" : "iHRIS Visualization Categories",
      "description" : "iHRIS visualization categories",
      "exampleBoolean" : false
    },
    {
      "extension" : [{
        "url" : "http://hl7.org/fhir/tools/StructureDefinition/resource-information",
        "valueString" : "StructureDefinition:extension"
      }],
      "reference" : {
        "reference" : "StructureDefinition/ihris-visualization-dataset"
      },
      "name" : "iHRIS Visualization Dataset",
      "description" : "iHRIS visualization dataset",
      "exampleBoolean" : false
    },
    {
      "extension" : [{
        "url" : "http://hl7.org/fhir/tools/StructureDefinition/resource-information",
        "valueString" : "StructureDefinition:extension"
      }],
      "reference" : {
        "reference" : "StructureDefinition/ihris-visualization-filters"
      },
      "name" : "iHRIS Visualization Filters",
      "description" : "iHRIS visualization filters",
      "exampleBoolean" : false
    },
    {
      "extension" : [{
        "url" : "http://hl7.org/fhir/tools/StructureDefinition/resource-information",
        "valueString" : "StructureDefinition:extension"
      }],
      "reference" : {
        "reference" : "StructureDefinition/ihris-visualization-permissions"
      },
      "name" : "iHRIS Visualization Permissions",
      "description" : "iHRIS Visualization Permissions",
      "exampleBoolean" : false
    },
    {
      "extension" : [{
        "url" : "http://hl7.org/fhir/tools/StructureDefinition/resource-information",
        "valueString" : "StructureDefinition:extension"
      }],
      "reference" : {
        "reference" : "StructureDefinition/ihris-visualization-series"
      },
      "name" : "iHRIS Visualization Series",
      "description" : "iHRIS visualization series",
      "exampleBoolean" : false
    },
    {
      "extension" : [{
        "url" : "http://hl7.org/fhir/tools/StructureDefinition/resource-information",
        "valueString" : "StructureDefinition:extension"
      }],
      "reference" : {
        "reference" : "StructureDefinition/ihris-visualization-settings"
      },
      "name" : "iHRIS Visualization Settings",
      "description" : "iHRIS visualization settings for the data visualizer",
      "exampleBoolean" : false
    },
    {
      "extension" : [{
        "url" : "http://hl7.org/fhir/tools/StructureDefinition/resource-information",
        "valueString" : "StructureDefinition:extension"
      }],
      "reference" : {
        "reference" : "StructureDefinition/task-attributes"
      },
      "name" : "Task Attributes",
      "description" : "Task attributes.",
      "exampleBoolean" : false
    },
    {
      "extension" : [{
        "url" : "http://hl7.org/fhir/tools/StructureDefinition/resource-information",
        "valueString" : "ValueSet"
      }],
      "reference" : {
        "reference" : "ValueSet/ihris-document-category"
      },
      "name" : "Code system for document categories.",
      "exampleBoolean" : false
    },
    {
      "extension" : [{
        "url" : "http://hl7.org/fhir/tools/StructureDefinition/resource-information",
        "valueString" : "ValueSet"
      }],
      "reference" : {
        "reference" : "ValueSet/ihris-Facility-identifier-valueset"
      },
      "name" : "iHRIS facility Identifier ValueSet",
      "exampleBoolean" : false
    },
    {
      "extension" : [{
        "url" : "http://hl7.org/fhir/tools/StructureDefinition/resource-information",
        "valueString" : "ValueSet"
      }],
      "reference" : {
        "reference" : "ValueSet/Ihris-facility-ownership"
      },
      "name" : "iHRIS Facility Ownership ValueSet",
      "exampleBoolean" : false
    },
    {
      "extension" : [{
        "url" : "http://hl7.org/fhir/tools/StructureDefinition/resource-information",
        "valueString" : "ValueSet"
      }],
      "reference" : {
        "reference" : "ValueSet/ihris-facility-type"
      },
      "name" : "iHRIS Facility Type ValueSet",
      "exampleBoolean" : false
    },
    {
      "extension" : [{
        "url" : "http://hl7.org/fhir/tools/StructureDefinition/resource-information",
        "valueString" : "ValueSet"
      }],
      "reference" : {
        "reference" : "ValueSet/ihris-jurisdiction-type"
      },
      "name" : "iHRIS Jurisdiction Type ValueSet",
      "exampleBoolean" : false
    },
    {
      "extension" : [{
        "url" : "http://hl7.org/fhir/tools/StructureDefinition/resource-information",
        "valueString" : "ValueSet"
      }],
      "reference" : {
        "reference" : "ValueSet/ihris-relation-valueset"
      },
      "name" : "iHRIS Relationship ValueSet",
      "exampleBoolean" : false
    },
    {
      "extension" : [{
        "url" : "http://hl7.org/fhir/tools/StructureDefinition/resource-information",
        "valueString" : "ValueSet"
      }],
      "reference" : {
        "reference" : "ValueSet/ihris-resource-valueset"
      },
      "name" : "Value Set for iHRIS Basic Resources.",
      "exampleBoolean" : false
    },
    {
      "extension" : [{
        "url" : "http://hl7.org/fhir/tools/StructureDefinition/resource-information",
        "valueString" : "ValueSet"
      }],
      "reference" : {
        "reference" : "ValueSet/ihris-task-permission"
      },
      "name" : "Code system for task permissions.",
      "exampleBoolean" : false
    },
    {
      "extension" : [{
        "url" : "http://hl7.org/fhir/tools/StructureDefinition/resource-information",
        "valueString" : "ValueSet"
      }],
      "reference" : {
        "reference" : "ValueSet/ihris-task-resource"
      },
      "name" : "Code system for task permissions.",
      "exampleBoolean" : false
    },
    {
      "extension" : [{
        "url" : "http://hl7.org/fhir/tools/StructureDefinition/resource-information",
        "valueString" : "CodeSystem"
      }],
      "reference" : {
        "reference" : "CodeSystem/ihris-document-category"
      },
      "name" : "Code system for document categories.",
      "exampleBoolean" : false
    },
    {
      "extension" : [{
        "url" : "http://hl7.org/fhir/tools/StructureDefinition/resource-information",
        "valueString" : "CodeSystem"
      }],
      "reference" : {
        "reference" : "CodeSystem/ihris-Facility-identifier"
      },
      "name" : "Identifier Type",
      "exampleBoolean" : false
    },
    {
      "extension" : [{
        "url" : "http://hl7.org/fhir/tools/StructureDefinition/resource-information",
        "valueString" : "CodeSystem"
      }],
      "reference" : {
        "reference" : "CodeSystem/Ihris-facility-ownership-type"
      },
      "name" : "Facility Ownership Type",
      "exampleBoolean" : false
    },
    {
      "extension" : [{
        "url" : "http://hl7.org/fhir/tools/StructureDefinition/resource-information",
        "valueString" : "CodeSystem"
      }],
      "reference" : {
        "reference" : "CodeSystem/ihris-facility-type"
      },
      "name" : "Facility Type",
      "exampleBoolean" : false
    },
    {
      "extension" : [{
        "url" : "http://hl7.org/fhir/tools/StructureDefinition/resource-information",
        "valueString" : "CodeSystem"
      }],
      "reference" : {
        "reference" : "CodeSystem/ihris-jurisdiction-type"
      },
      "name" : "Jurisdiction Type",
      "exampleBoolean" : false
    },
    {
      "extension" : [{
        "url" : "http://hl7.org/fhir/tools/StructureDefinition/resource-information",
        "valueString" : "CodeSystem"
      }],
      "reference" : {
        "reference" : "CodeSystem/ihris-relation-codesystem"
      },
      "name" : "Relationship",
      "exampleBoolean" : false
    },
    {
      "extension" : [{
        "url" : "http://hl7.org/fhir/tools/StructureDefinition/resource-information",
        "valueString" : "CodeSystem"
      }],
      "reference" : {
        "reference" : "CodeSystem/ihris-resource-codesystem"
      },
      "name" : "Code System for iHRIS Basic Resources.",
      "exampleBoolean" : false
    },
    {
      "extension" : [{
        "url" : "http://hl7.org/fhir/tools/StructureDefinition/resource-information",
        "valueString" : "CodeSystem"
      }],
      "reference" : {
        "reference" : "CodeSystem/ihris-task-permission"
      },
      "name" : "Code system for task permissions.",
      "exampleBoolean" : false
    },
    {
      "extension" : [{
        "url" : "http://hl7.org/fhir/tools/StructureDefinition/resource-information",
        "valueString" : "CodeSystem"
      }],
      "reference" : {
        "reference" : "CodeSystem/ihris-task-resource"
      },
      "name" : "Code system for task permissions.",
      "exampleBoolean" : false
    },
    {
      "extension" : [{
        "url" : "http://hl7.org/fhir/tools/StructureDefinition/resource-information",
        "valueString" : "SearchParameter"
      }],
      "reference" : {
        "reference" : "SearchParameter/basic-location-constraint"
      },
      "name" : "basic-location-constraint",
      "description" : "Search by related location for a Basic resource Role.",
      "exampleBoolean" : false
    },
    {
      "extension" : [{
        "url" : "http://hl7.org/fhir/tools/StructureDefinition/resource-information",
        "valueString" : "SearchParameter"
      }],
      "reference" : {
        "reference" : "SearchParameter/basic-name"
      },
      "name" : "basic-name",
      "description" : "Search by name for a Basic resource.",
      "exampleBoolean" : false
    },
    {
      "extension" : [{
        "url" : "http://hl7.org/fhir/tools/StructureDefinition/resource-information",
        "valueString" : "SearchParameter"
      }],
      "reference" : {
        "reference" : "SearchParameter/basic-practitioner"
      },
      "name" : "basic-practitioner",
      "description" : "Search by practitioner for a Basic resource.",
      "exampleBoolean" : false
    },
    {
      "extension" : [{
        "url" : "http://hl7.org/fhir/tools/StructureDefinition/resource-information",
        "valueString" : "SearchParameter"
      }],
      "reference" : {
        "reference" : "SearchParameter/basic-related-location"
      },
      "name" : "basic-related-location",
      "description" : "Search by related location for a Basic resource.",
      "exampleBoolean" : false
    },
    {
      "extension" : [{
        "url" : "http://hl7.org/fhir/tools/StructureDefinition/resource-information",
        "valueString" : "SearchParameter"
      }],
      "reference" : {
        "reference" : "SearchParameter/basic-related-practitioner"
      },
      "name" : "basic-related-practitioner",
      "description" : "Search by related practitioner for a Basic resource.",
      "exampleBoolean" : false
    },
    {
      "extension" : [{
        "url" : "http://hl7.org/fhir/tools/StructureDefinition/resource-information",
        "valueString" : "SearchParameter"
      }],
      "reference" : {
        "reference" : "SearchParameter/employment-status-search"
      },
      "name" : "employment-status-search",
      "description" : "Search for a practitionerRole employment-status.",
      "exampleBoolean" : false
    },
    {
      "extension" : [{
        "url" : "http://hl7.org/fhir/tools/StructureDefinition/resource-information",
        "valueString" : "SearchParameter"
      }],
      "reference" : {
        "reference" : "SearchParameter/gofr-search-isbroadcast"
      },
      "name" : "gofr-search-isbroadcast",
      "description" : "search parameter for broadcasted messages",
      "exampleBoolean" : false
    },
    {
      "extension" : [{
        "url" : "http://hl7.org/fhir/tools/StructureDefinition/resource-information",
        "valueString" : "SearchParameter"
      }],
      "reference" : {
        "reference" : "SearchParameter/gofr-search-isflowstart"
      },
      "name" : "gofr-search-isflowstart",
      "description" : "search parameter for flow starts",
      "exampleBoolean" : false
    },
    {
      "extension" : [{
        "url" : "http://hl7.org/fhir/tools/StructureDefinition/resource-information",
        "valueString" : "Parameters"
      }],
      "reference" : {
        "reference" : "Parameters/ihris-dashboard"
      },
      "name" : "ihris-dashboard",
      "exampleCanonical" : "http://ihris.org/fhir/StructureDefinition/ihris-parameters-remote-config"
    },
    {
      "extension" : [{
        "url" : "http://hl7.org/fhir/tools/StructureDefinition/resource-information",
        "valueString" : "Questionnaire"
      }],
      "reference" : {
        "reference" : "Questionnaire/ihris-endrole"
      },
      "name" : "IhrisPractitionerWorkflowEndRole",
      "description" : "iHRIS workflow to end a current role/job",
      "exampleCanonical" : "http://ihris.org/fhir/StructureDefinition/ihris-questionnaire"
    },
    {
      "extension" : [{
        "url" : "http://hl7.org/fhir/tools/StructureDefinition/resource-information",
        "valueString" : "Basic"
      }],
      "reference" : {
        "reference" : "Basic/ihris-es-report-mhero-send-message"
      },
      "name" : "iHRIS Relationship Example",
      "exampleCanonical" : "http://ihris.org/fhir/StructureDefinition/iHRISRelationship"
    },
    {
      "extension" : [{
        "url" : "http://hl7.org/fhir/tools/StructureDefinition/resource-information",
        "valueString" : "Library"
      }],
      "reference" : {
        "reference" : "Library/ihris-module-example"
      },
      "name" : "iHRIS Module Example",
      "exampleCanonical" : "http://ihris.org/fhir/StructureDefinition/ihris-module"
    },
    {
      "extension" : [{
        "url" : "http://hl7.org/fhir/tools/StructureDefinition/resource-information",
        "valueString" : "Basic"
      }],
      "reference" : {
        "reference" : "Basic/ihris-page-auditevent"
      },
      "name" : "AuditEvent",
      "exampleCanonical" : "http://ihris.org/fhir/StructureDefinition/ihris-page"
    },
    {
      "extension" : [{
        "url" : "http://hl7.org/fhir/tools/StructureDefinition/resource-information",
        "valueString" : "Basic"
      }],
      "reference" : {
        "reference" : "Basic/ihris-page-cadre"
      },
      "name" : "iHRIS Cadre CodeSystem Page",
      "exampleCanonical" : "http://ihris.org/fhir/StructureDefinition/ihris-page"
    },
    {
      "extension" : [{
        "url" : "http://hl7.org/fhir/tools/StructureDefinition/resource-information",
        "valueString" : "Basic"
      }],
      "reference" : {
        "reference" : "Basic/ihris-page-classification"
      },
      "name" : "iHRIS Classification CodeSystem Page",
      "exampleCanonical" : "http://ihris.org/fhir/StructureDefinition/ihris-page"
    },
    {
      "extension" : [{
        "url" : "http://hl7.org/fhir/tools/StructureDefinition/resource-information",
        "valueString" : "Basic"
      }],
      "reference" : {
        "reference" : "Basic/ihris-page-employment-status"
      },
      "name" : "iHRIS Employment Status CodeSystem Page",
      "exampleCanonical" : "http://ihris.org/fhir/StructureDefinition/ihris-page"
    },
    {
      "extension" : [{
        "url" : "http://hl7.org/fhir/tools/StructureDefinition/resource-information",
        "valueString" : "Basic"
      }],
      "reference" : {
        "reference" : "Basic/ihris-page-facility"
      },
      "name" : "iHRIS Facility Page",
      "exampleCanonical" : "http://ihris.org/fhir/StructureDefinition/ihris-page"
    },
    {
      "extension" : [{
        "url" : "http://hl7.org/fhir/tools/StructureDefinition/resource-information",
        "valueString" : "Basic"
      }],
      "reference" : {
        "reference" : "Basic/ihris-page-job"
      },
      "name" : "iHRIS Job CodeSystem Page",
      "exampleCanonical" : "http://ihris.org/fhir/StructureDefinition/ihris-page"
    },
    {
      "extension" : [{
        "url" : "http://hl7.org/fhir/tools/StructureDefinition/resource-information",
        "valueString" : "Basic"
      }],
      "reference" : {
        "reference" : "Basic/ihris-page-job-type"
      },
      "name" : "iHRIS Job Type CodeSystem Page",
      "exampleCanonical" : "http://ihris.org/fhir/StructureDefinition/ihris-page"
    },
    {
      "extension" : [{
        "url" : "http://hl7.org/fhir/tools/StructureDefinition/resource-information",
        "valueString" : "Basic"
      }],
      "reference" : {
        "reference" : "Basic/ihris-page-location"
      },
      "name" : "iHRIS Location Page",
      "exampleCanonical" : "http://ihris.org/fhir/StructureDefinition/ihris-page"
    },
    {
      "extension" : [{
        "url" : "http://hl7.org/fhir/tools/StructureDefinition/resource-information",
        "valueString" : "Basic"
      }],
      "reference" : {
        "reference" : "Basic/ihris-page-practitioner"
      },
      "name" : "Practitioner",
      "exampleCanonical" : "http://ihris.org/fhir/StructureDefinition/ihris-page"
    },
    {
      "extension" : [{
        "url" : "http://hl7.org/fhir/tools/StructureDefinition/resource-information",
        "valueString" : "Basic"
      }],
      "reference" : {
        "reference" : "Basic/ihris-page-practitionerrole"
      },
      "name" : "iHRIS PractitionerRole Page",
      "exampleCanonical" : "http://ihris.org/fhir/StructureDefinition/ihris-page"
    },
    {
      "extension" : [{
        "url" : "http://hl7.org/fhir/tools/StructureDefinition/resource-information",
        "valueString" : "Basic"
      }],
      "reference" : {
        "reference" : "Basic/ihris-page-reason-departure"
      },
      "name" : "iHRIS Reason for Departure CodeSystem Page",
      "exampleCanonical" : "http://ihris.org/fhir/StructureDefinition/ihris-page"
    },
    {
      "extension" : [{
        "url" : "http://hl7.org/fhir/tools/StructureDefinition/resource-information",
        "valueString" : "Basic"
      }],
      "reference" : {
        "reference" : "Basic/ihris-page-relation"
      },
      "name" : "iHRIS relationship type CodeSystem Page",
      "exampleCanonical" : "http://ihris.org/fhir/StructureDefinition/ihris-page"
    },
    {
      "extension" : [{
        "url" : "http://hl7.org/fhir/tools/StructureDefinition/resource-information",
        "valueString" : "Basic"
      }],
      "reference" : {
        "reference" : "Basic/ihris-page-role"
      },
      "name" : "NHWR Roles",
      "exampleCanonical" : "http://ihris.org/fhir/StructureDefinition/ihris-page"
    },
    {
      "extension" : [{
        "url" : "http://hl7.org/fhir/tools/StructureDefinition/resource-information",
        "valueString" : "Basic"
      }],
      "reference" : {
        "reference" : "Basic/ihris-page-salary-grade"
      },
      "name" : "iHRIS Salary Scale CodeSystem Page",
      "exampleCanonical" : "http://ihris.org/fhir/StructureDefinition/ihris-page"
    },
    {
      "extension" : [{
        "url" : "http://hl7.org/fhir/tools/StructureDefinition/resource-information",
        "valueString" : "Basic"
      }],
      "reference" : {
        "reference" : "Basic/ihris-page-salary-scale"
      },
      "name" : "iHRIS Salary Scale CodeSystem Page",
      "exampleCanonical" : "http://ihris.org/fhir/StructureDefinition/ihris-page"
    },
    {
      "extension" : [{
        "url" : "http://hl7.org/fhir/tools/StructureDefinition/resource-information",
        "valueString" : "Basic"
      }],
      "reference" : {
        "reference" : "Basic/ihris-page-shift"
      },
      "name" : "iHRIS Shift CodeSystem Page",
      "exampleCanonical" : "http://ihris.org/fhir/StructureDefinition/ihris-page"
    },
    {
      "extension" : [{
        "url" : "http://hl7.org/fhir/tools/StructureDefinition/resource-information",
        "valueString" : "Basic"
      }],
      "reference" : {
        "reference" : "Basic/ihris-page-task"
      },
      "name" : "iHRIS Tasks",
      "exampleCanonical" : "http://ihris.org/fhir/StructureDefinition/ihris-page"
    },
    {
      "extension" : [{
        "url" : "http://hl7.org/fhir/tools/StructureDefinition/resource-information",
        "valueString" : "Questionnaire"
      }],
      "reference" : {
        "reference" : "Questionnaire/ihris-promotion"
      },
      "name" : "IhrisPractitionerWorkflowPromotion",
      "description" : "iHRIS workflow to record a promotion",
      "exampleCanonical" : "http://ihris.org/fhir/StructureDefinition/ihris-questionnaire"
    },
    {
      "extension" : [{
        "url" : "http://hl7.org/fhir/tools/StructureDefinition/resource-information",
        "valueString" : "Questionnaire"
      }],
      "reference" : {
        "reference" : "Questionnaire/ihris-role"
      },
      "name" : "IhrisRole",
      "description" : "iHRIS workflow to record a Role",
      "exampleCanonical" : "http://ihris.org/fhir/StructureDefinition/ihris-questionnaire"
    },
    {
      "extension" : [{
        "url" : "http://hl7.org/fhir/tools/StructureDefinition/resource-information",
        "valueString" : "Basic"
      }],
      "reference" : {
        "reference" : "Basic/ihris-role-admin"
      },
      "name" : "iHRIS Admin Role",
      "exampleCanonical" : "http://ihris.org/fhir/StructureDefinition/ihris-role"
    },
    {
      "extension" : [{
        "url" : "http://hl7.org/fhir/tools/StructureDefinition/resource-information",
        "valueString" : "Basic"
      }],
      "reference" : {
        "reference" : "Basic/ihris-role-open"
      },
      "name" : "iHRIS Open Role",
      "exampleCanonical" : "http://ihris.org/fhir/StructureDefinition/ihris-role"
    },
    {
      "extension" : [{
        "url" : "http://hl7.org/fhir/tools/StructureDefinition/resource-information",
        "valueString" : "Basic"
      }],
      "reference" : {
        "reference" : "Basic/ihris-role-self"
      },
      "name" : "iHRIS Self Service Role",
      "exampleCanonical" : "http://ihris.org/fhir/StructureDefinition/ihris-role"
    },
    {
      "extension" : [{
        "url" : "http://hl7.org/fhir/tools/StructureDefinition/resource-information",
        "valueString" : "Questionnaire"
      }],
      "reference" : {
        "reference" : "Questionnaire/ihris-task"
      },
      "name" : "IhrisTask",
      "description" : "iHRIS workflow to record a Role",
      "exampleCanonical" : "http://ihris.org/fhir/StructureDefinition/ihris-questionnaire"
    },
    {
      "extension" : [{
        "url" : "http://hl7.org/fhir/tools/StructureDefinition/resource-information",
        "valueString" : "Basic"
      }],
      "reference" : {
        "reference" : "Basic/ihris-task-all-permissions-to-everything"
      },
      "name" : "iHRIS Task With All Permissions To Everything",
      "exampleCanonical" : "http://ihris.org/fhir/StructureDefinition/ihris-task"
    },
    {
      "extension" : [{
        "url" : "http://hl7.org/fhir/tools/StructureDefinition/resource-information",
        "valueString" : "Basic"
      }],
      "reference" : {
        "reference" : "Basic/ihris-task-navigation-evaluation"
      },
      "name" : "iHRIS Task To Navigate to evaluation",
      "exampleCanonical" : "http://ihris.org/fhir/StructureDefinition/ihris-task"
    },
    {
      "extension" : [{
        "url" : "http://hl7.org/fhir/tools/StructureDefinition/resource-information",
        "valueString" : "Basic"
      }],
      "reference" : {
        "reference" : "Basic/ihris-task-navigation-leave"
      },
      "name" : "iHRIS Task To Navigate to Leave",
      "exampleCanonical" : "http://ihris.org/fhir/StructureDefinition/ihris-task"
    },
    {
      "extension" : [{
        "url" : "http://hl7.org/fhir/tools/StructureDefinition/resource-information",
        "valueString" : "Basic"
      }],
      "reference" : {
        "reference" : "Basic/ihris-task-navigation-password"
      },
      "name" : "iHRIS Task To Navigate to password",
      "exampleCanonical" : "http://ihris.org/fhir/StructureDefinition/ihris-task"
    },
    {
      "extension" : [{
        "url" : "http://hl7.org/fhir/tools/StructureDefinition/resource-information",
        "valueString" : "Basic"
      }],
      "reference" : {
        "reference" : "Basic/ihris-task-navigation-profile"
      },
      "name" : "iHRIS Task To Navigate to Profile",
      "exampleCanonical" : "http://ihris.org/fhir/StructureDefinition/ihris-task"
    },
    {
      "extension" : [{
        "url" : "http://hl7.org/fhir/tools/StructureDefinition/resource-information",
        "valueString" : "Basic"
      }],
      "reference" : {
        "reference" : "Basic/ihris-task-read-basic-resource"
      },
      "name" : "iHRIS Task To Read Basic resource",
      "exampleCanonical" : "http://ihris.org/fhir/StructureDefinition/ihris-task"
    },
    {
      "extension" : [{
        "url" : "http://hl7.org/fhir/tools/StructureDefinition/resource-information",
        "valueString" : "Basic"
      }],
      "reference" : {
        "reference" : "Basic/ihris-task-read-code-system"
      },
      "name" : "iHRIS Task To Read CodeSystem resource",
      "exampleCanonical" : "http://ihris.org/fhir/StructureDefinition/ihris-task"
    },
    {
      "extension" : [{
        "url" : "http://hl7.org/fhir/tools/StructureDefinition/resource-information",
        "valueString" : "Basic"
      }],
      "reference" : {
        "reference" : "Basic/ihris-task-read-document-reference"
      },
      "name" : "iHRIS Task To Read DocumentReference",
      "exampleCanonical" : "http://ihris.org/fhir/StructureDefinition/ihris-task"
    },
    {
      "extension" : [{
        "url" : "http://hl7.org/fhir/tools/StructureDefinition/resource-information",
        "valueString" : "Basic"
      }],
      "reference" : {
        "reference" : "Basic/ihris-task-read-ihris-page-practitioner"
      },
      "name" : "iHRIS Task To Read Practitioner Page",
      "exampleCanonical" : "http://ihris.org/fhir/StructureDefinition/ihris-task"
    },
    {
      "extension" : [{
        "url" : "http://hl7.org/fhir/tools/StructureDefinition/resource-information",
        "valueString" : "Basic"
      }],
      "reference" : {
        "reference" : "Basic/ihris-task-read-ihris-page-practitioner-role"
      },
      "name" : "iHRIS Task To Read PractitionerRole Page",
      "exampleCanonical" : "http://ihris.org/fhir/StructureDefinition/ihris-task"
    },
    {
      "extension" : [{
        "url" : "http://hl7.org/fhir/tools/StructureDefinition/resource-information",
        "valueString" : "Basic"
      }],
      "reference" : {
        "reference" : "Basic/ihris-task-read-location-resource"
      },
      "name" : "iHRIS Task To Read Location resource",
      "exampleCanonical" : "http://ihris.org/fhir/StructureDefinition/ihris-task"
    },
    {
      "extension" : [{
        "url" : "http://hl7.org/fhir/tools/StructureDefinition/resource-information",
        "valueString" : "Basic"
      }],
      "reference" : {
        "reference" : "Basic/ihris-task-read-organization-resource"
      },
      "name" : "iHRIS Task To Read Organization resource",
      "exampleCanonical" : "http://ihris.org/fhir/StructureDefinition/ihris-task"
    },
    {
      "extension" : [{
        "url" : "http://hl7.org/fhir/tools/StructureDefinition/resource-information",
        "valueString" : "Basic"
      }],
      "reference" : {
        "reference" : "Basic/ihris-task-read-person-resource"
      },
      "name" : "iHRIS Task To Read Person resource",
      "exampleCanonical" : "http://ihris.org/fhir/StructureDefinition/ihris-task"
    },
    {
      "extension" : [{
        "url" : "http://hl7.org/fhir/tools/StructureDefinition/resource-information",
        "valueString" : "Basic"
      }],
      "reference" : {
        "reference" : "Basic/ihris-task-read-practitioner-resource"
      },
      "name" : "iHRIS Task To Read Practitioner resource",
      "exampleCanonical" : "http://ihris.org/fhir/StructureDefinition/ihris-task"
    },
    {
      "extension" : [{
        "url" : "http://hl7.org/fhir/tools/StructureDefinition/resource-information",
        "valueString" : "Basic"
      }],
      "reference" : {
        "reference" : "Basic/ihris-task-read-practitioner-role-resource"
      },
      "name" : "iHRIS Task To Read PractitionerRole resource",
      "exampleCanonical" : "http://ihris.org/fhir/StructureDefinition/ihris-task"
    },
    {
      "extension" : [{
        "url" : "http://hl7.org/fhir/tools/StructureDefinition/resource-information",
        "valueString" : "Basic"
      }],
      "reference" : {
        "reference" : "Basic/ihris-task-read-questionnaire-leave"
      },
      "name" : "iHRIS Task To Read Questionnaire ihris-leave",
      "exampleCanonical" : "http://ihris.org/fhir/StructureDefinition/ihris-task"
    },
    {
      "extension" : [{
        "url" : "http://hl7.org/fhir/tools/StructureDefinition/resource-information",
        "valueString" : "Basic"
      }],
      "reference" : {
        "reference" : "Basic/ihris-task-read-questionnaire-resource"
      },
      "name" : "iHRIS Task To Read Questionnaire resource",
      "exampleCanonical" : "http://ihris.org/fhir/StructureDefinition/ihris-task"
    },
    {
      "extension" : [{
        "url" : "http://hl7.org/fhir/tools/StructureDefinition/resource-information",
        "valueString" : "Basic"
      }],
      "reference" : {
        "reference" : "Basic/ihris-task-read-questionnaire-response-resource"
      },
      "name" : "iHRIS Task To Read Questionnaire Response resource",
      "exampleCanonical" : "http://ihris.org/fhir/StructureDefinition/ihris-task"
    },
    {
      "extension" : [{
        "url" : "http://hl7.org/fhir/tools/StructureDefinition/resource-information",
        "valueString" : "Basic"
      }],
      "reference" : {
        "reference" : "Basic/ihris-task-read-structure-definition"
      },
      "name" : "iHRIS Task To Read StructureDefinition Resource",
      "exampleCanonical" : "http://ihris.org/fhir/StructureDefinition/ihris-task"
    },
    {
      "extension" : [{
        "url" : "http://hl7.org/fhir/tools/StructureDefinition/resource-information",
        "valueString" : "Basic"
      }],
      "reference" : {
        "reference" : "Basic/ihris-task-read-value-set"
      },
      "name" : "iHRIS Task To Read Valueset Resource",
      "exampleCanonical" : "http://ihris.org/fhir/StructureDefinition/ihris-task"
    },
    {
      "extension" : [{
        "url" : "http://hl7.org/fhir/tools/StructureDefinition/resource-information",
        "valueString" : "Basic"
      }],
      "reference" : {
        "reference" : "Basic/ihris-task-write-basic-resource"
      },
      "name" : "iHRIS Task To Write Basic resource",
      "exampleCanonical" : "http://ihris.org/fhir/StructureDefinition/ihris-task"
    },
    {
      "extension" : [{
        "url" : "http://hl7.org/fhir/tools/StructureDefinition/resource-information",
        "valueString" : "Basic"
      }],
      "reference" : {
        "reference" : "Basic/ihris-task-write-code-system"
      },
      "name" : "iHRIS Task To Write CodeSystem resource",
      "exampleCanonical" : "http://ihris.org/fhir/StructureDefinition/ihris-task"
    },
    {
      "extension" : [{
        "url" : "http://hl7.org/fhir/tools/StructureDefinition/resource-information",
        "valueString" : "Basic"
      }],
      "reference" : {
        "reference" : "Basic/ihris-task-write-document-reference"
      },
      "name" : "iHRIS Task To Write DocumentReference",
      "exampleCanonical" : "http://ihris.org/fhir/StructureDefinition/ihris-task"
    },
    {
      "extension" : [{
        "url" : "http://hl7.org/fhir/tools/StructureDefinition/resource-information",
        "valueString" : "Basic"
      }],
      "reference" : {
        "reference" : "Basic/ihris-task-write-location-resource"
      },
      "name" : "iHRIS Task To Write Location resource",
      "exampleCanonical" : "http://ihris.org/fhir/StructureDefinition/ihris-task"
    },
    {
      "extension" : [{
        "url" : "http://hl7.org/fhir/tools/StructureDefinition/resource-information",
        "valueString" : "Basic"
      }],
      "reference" : {
        "reference" : "Basic/ihris-task-write-organization-resource"
      },
      "name" : "iHRIS Task To Write Organization resource",
      "exampleCanonical" : "http://ihris.org/fhir/StructureDefinition/ihris-task"
    },
    {
      "extension" : [{
        "url" : "http://hl7.org/fhir/tools/StructureDefinition/resource-information",
        "valueString" : "Basic"
      }],
      "reference" : {
        "reference" : "Basic/ihris-task-write-person-resource"
      },
      "name" : "iHRIS Task To Write Person resource",
      "exampleCanonical" : "http://ihris.org/fhir/StructureDefinition/ihris-task"
    },
    {
      "extension" : [{
        "url" : "http://hl7.org/fhir/tools/StructureDefinition/resource-information",
        "valueString" : "Basic"
      }],
      "reference" : {
        "reference" : "Basic/ihris-task-write-practitioner-resource"
      },
      "name" : "iHRIS Task To Write Practitioner resource",
      "exampleCanonical" : "http://ihris.org/fhir/StructureDefinition/ihris-task"
    },
    {
      "extension" : [{
        "url" : "http://hl7.org/fhir/tools/StructureDefinition/resource-information",
        "valueString" : "Basic"
      }],
      "reference" : {
        "reference" : "Basic/ihris-task-write-practitioner-role-resource"
      },
      "name" : "iHRIS Task To Write PractitionerRole resource",
      "exampleCanonical" : "http://ihris.org/fhir/StructureDefinition/ihris-task"
    },
    {
      "extension" : [{
        "url" : "http://hl7.org/fhir/tools/StructureDefinition/resource-information",
        "valueString" : "Basic"
      }],
      "reference" : {
        "reference" : "Basic/ihris-task-write-questionnaire-change-password"
      },
      "name" : "iHRIS Task To Write Questionnaire ihris-password",
      "exampleCanonical" : "http://ihris.org/fhir/StructureDefinition/ihris-task"
    },
    {
      "extension" : [{
        "url" : "http://hl7.org/fhir/tools/StructureDefinition/resource-information",
        "valueString" : "Basic"
      }],
      "reference" : {
        "reference" : "Basic/ihris-task-write-questionnaire-leave"
      },
      "name" : "iHRIS Task To Write Questionnaire ihris-leave",
      "exampleCanonical" : "http://ihris.org/fhir/StructureDefinition/ihris-task"
    },
    {
      "extension" : [{
        "url" : "http://hl7.org/fhir/tools/StructureDefinition/resource-information",
        "valueString" : "Basic"
      }],
      "reference" : {
        "reference" : "Basic/ihris-task-write-questionnaire-resource"
      },
      "name" : "iHRIS Task To Write Questionnaire resource",
      "exampleCanonical" : "http://ihris.org/fhir/StructureDefinition/ihris-task"
    },
    {
      "extension" : [{
        "url" : "http://hl7.org/fhir/tools/StructureDefinition/resource-information",
        "valueString" : "Basic"
      }],
      "reference" : {
        "reference" : "Basic/ihris-task-write-questionnaire-response-resource"
      },
      "name" : "iHRIS Task To Write Questionnaire Response resource",
      "exampleCanonical" : "http://ihris.org/fhir/StructureDefinition/ihris-task"
    },
    {
      "extension" : [{
        "url" : "http://hl7.org/fhir/tools/StructureDefinition/resource-information",
        "valueString" : "Basic"
      }],
      "reference" : {
        "reference" : "Basic/ihris-task-write-structure-definition"
      },
      "name" : "iHRIS Task To Write StructureDefinition Resource",
      "exampleCanonical" : "http://ihris.org/fhir/StructureDefinition/ihris-task"
    },
    {
      "extension" : [{
        "url" : "http://hl7.org/fhir/tools/StructureDefinition/resource-information",
        "valueString" : "Basic"
      }],
      "reference" : {
        "reference" : "Basic/ihris-task-write-value-set"
      },
      "name" : "iHRIS Task To Write Valueset Resource",
      "exampleCanonical" : "http://ihris.org/fhir/StructureDefinition/ihris-task"
    },
    {
      "extension" : [{
        "url" : "http://hl7.org/fhir/tools/StructureDefinition/resource-information",
        "valueString" : "SearchParameter"
      }],
      "reference" : {
        "reference" : "SearchParameter/job-search"
      },
      "name" : "job-search",
      "description" : "Search for a practitionerRole job.",
      "exampleBoolean" : false
    },
    {
      "extension" : [{
        "url" : "http://hl7.org/fhir/tools/StructureDefinition/resource-information",
        "valueString" : "SearchParameter"
      }],
      "reference" : {
        "reference" : "SearchParameter/leaveperiod-search"
      },
      "name" : "leaveperiod-search",
      "description" : "Search for a practitioner's Leave Period",
      "exampleBoolean" : false
    },
    {
      "extension" : [{
        "url" : "http://hl7.org/fhir/tools/StructureDefinition/resource-information",
        "valueString" : "SearchParameter"
      }],
      "reference" : {
        "reference" : "SearchParameter/leavetype-search"
      },
      "name" : "leavetype-search",
      "description" : "Search for a practitioner's Leave Type.",
      "exampleBoolean" : false
    },
    {
      "extension" : [{
        "url" : "http://hl7.org/fhir/tools/StructureDefinition/resource-information",
        "valueString" : "SearchParameter"
      }],
      "reference" : {
        "reference" : "SearchParameter/location-related-location"
      },
      "name" : "location-related-location",
      "description" : "Search by related location for a Location resource.",
      "exampleBoolean" : false
    },
    {
      "extension" : [{
        "url" : "http://hl7.org/fhir/tools/StructureDefinition/resource-information",
        "valueString" : "DocumentReference"
      }],
      "reference" : {
        "reference" : "DocumentReference/page-about"
      },
      "name" : "iHRIS About Page",
      "exampleCanonical" : "http://ihris.org/fhir/StructureDefinition/ihris-document"
    },
    {
      "extension" : [{
        "url" : "http://hl7.org/fhir/tools/StructureDefinition/resource-information",
        "valueString" : "DocumentReference"
      }],
      "reference" : {
        "reference" : "DocumentReference/page-home"
      },
      "name" : "page-home",
      "exampleCanonical" : "http://ihris.org/fhir/StructureDefinition/ihris-document"
    },
    {
      "extension" : [{
        "url" : "http://hl7.org/fhir/tools/StructureDefinition/resource-information",
        "valueString" : "SearchParameter"
      }],
      "reference" : {
        "reference" : "SearchParameter/performanceperiod-search"
      },
      "name" : "performanceperiod-search",
      "description" : "Search for a practitioner's Performance Period",
      "exampleBoolean" : false
    },
    {
      "extension" : [{
        "url" : "http://hl7.org/fhir/tools/StructureDefinition/resource-information",
        "valueString" : "SearchParameter"
      }],
      "reference" : {
        "reference" : "SearchParameter/position-status-search"
      },
      "name" : "position-status-search",
      "description" : "Search for a practitionerRole position status.",
      "exampleBoolean" : false
    },
    {
      "extension" : [{
        "url" : "http://hl7.org/fhir/tools/StructureDefinition/resource-information",
        "valueString" : "SearchParameter"
      }],
      "reference" : {
        "reference" : "SearchParameter/practitioner-birthdate"
      },
      "name" : "practitioner-birthdate",
      "description" : "Search by birthdate for a Practitioner resource.",
      "exampleBoolean" : false
    },
    {
      "extension" : [{
        "url" : "http://hl7.org/fhir/tools/StructureDefinition/resource-information",
        "valueString" : "SearchParameter"
      }],
      "reference" : {
        "reference" : "SearchParameter/practitioner-employeeNumber"
      },
      "name" : "practitioner-employeeNumber",
      "description" : "Search by employee number for a practitioner resource.",
      "exampleBoolean" : false
    },
    {
      "extension" : [{
        "url" : "http://hl7.org/fhir/tools/StructureDefinition/resource-information",
        "valueString" : "SearchParameter"
      }],
      "reference" : {
        "reference" : "SearchParameter/practitioner-phone"
      },
      "name" : "practitioner-phone",
      "description" : "Search by phone for a Practitioner resource.",
      "exampleBoolean" : false
    },
    {
      "extension" : [{
        "url" : "http://hl7.org/fhir/tools/StructureDefinition/resource-information",
        "valueString" : "SearchParameter"
      }],
      "reference" : {
        "reference" : "SearchParameter/practitioner-related-location"
      },
      "name" : "practitioner-related-location",
      "description" : "Search by related location for a Practitioner resource.",
      "exampleBoolean" : false
    },
    {
      "extension" : [{
        "url" : "http://hl7.org/fhir/tools/StructureDefinition/resource-information",
        "valueString" : "SearchParameter"
      }],
      "reference" : {
        "reference" : "SearchParameter/practitioner-related-practitioner"
      },
      "name" : "practitioner-related-practitioner",
      "description" : "Search by related practitioner for a Practitioner resource.",
      "exampleBoolean" : false
    },
    {
      "extension" : [{
        "url" : "http://hl7.org/fhir/tools/StructureDefinition/resource-information",
        "valueString" : "SearchParameter"
      }],
      "reference" : {
        "reference" : "SearchParameter/practitioner-renewrole"
      },
      "name" : "practitioner-renewrole",
      "description" : "Search by employee ID for a practitioner resource.",
      "exampleBoolean" : false
    },
    {
      "extension" : [{
        "url" : "http://hl7.org/fhir/tools/StructureDefinition/resource-information",
        "valueString" : "SearchParameter"
      }],
      "reference" : {
        "reference" : "SearchParameter/practitionerrole-related-location"
      },
      "name" : "practitionerrole-related-location",
      "description" : "Search by related location for a PractitionerRole resource.",
      "exampleBoolean" : false
    },
    {
      "extension" : [{
        "url" : "http://hl7.org/fhir/tools/StructureDefinition/resource-information",
        "valueString" : "SearchParameter"
      }],
      "reference" : {
        "reference" : "SearchParameter/practitionerrole-related-practitioner"
      },
      "name" : "practitionerrole-related-practitioner",
      "description" : "Search by related practitioner for a PractitionerRole resource.",
      "exampleBoolean" : false
    }],
    "page" : {
      "extension" : [{
        "url" : "http://hl7.org/fhir/tools/StructureDefinition/ig-page-name",
        "valueUrl" : "toc.html"
      }],
      "nameUrl" : "toc.html",
      "title" : "Table of Contents",
      "generation" : "html",
      "page" : [{
        "extension" : [{
          "url" : "http://hl7.org/fhir/tools/StructureDefinition/ig-page-name",
          "valueUrl" : "index.html"
        }],
        "nameUrl" : "index.html",
        "title" : "Home",
        "generation" : "markdown"
      }]
    },
    "parameter" : [{
      "code" : "path-resource",
      "value" : "input/capabilities"
    },
    {
      "code" : "path-resource",
      "value" : "input/examples"
    },
    {
      "code" : "path-resource",
      "value" : "input/extensions"
    },
    {
      "code" : "path-resource",
      "value" : "input/models"
    },
    {
      "code" : "path-resource",
      "value" : "input/operations"
    },
    {
      "code" : "path-resource",
      "value" : "input/profiles"
    },
    {
      "code" : "path-resource",
      "value" : "input/resources"
    },
    {
      "code" : "path-resource",
      "value" : "input/vocabulary"
    },
    {
      "code" : "path-resource",
      "value" : "input/maps"
    },
    {
      "code" : "path-resource",
      "value" : "input/testing"
    },
    {
      "code" : "path-resource",
      "value" : "input/history"
    },
    {
      "code" : "path-resource",
      "value" : "fsh-generated/resources"
    },
    {
      "code" : "path-pages",
      "value" : "template/config"
    },
    {
      "code" : "path-pages",
      "value" : "input/images"
    },
    {
      "code" : "path-tx-cache",
      "value" : "input-cache/txcache"
    }]
  }
}