{
  "resourceType" : "SearchParameter",
  "id" : "leavetype-search",
  "text" : {
    "status" : "generated",
    "div" : "<div xmlns=\"http://www.w3.org/1999/xhtml\"><h2>Search Parameter for a practitioner's Leave Type</h2><p>Parameter <code>leavetype</code>:<code>token</code></p><div><p>Search for a practitioner's Leave Type.</p>\n</div><table class=\"grid\"><tr><td>Resource</td><td><a href=\"http://hl7.org/fhir/R4/basic.html\">Basic</a></td></tr><tr><td>Expression</td><td><code>Basic.extension.where(url='http://ihris.org/fhir/StructureDefinition/ihris-ethiopia-leavea').extension.where(url='leave-type')</code></td></tr><tr><td>Processing Mode</td><td>Normal</td></tr><tr><td>Multiples</td><td>The parameter cannot repeat or have multiple values</td></tr></table></div>"
  },
  "url" : "http://ihris.org/fhir/SearchParameter/leavetype-search",
  "version" : "0.1.0",
  "name" : "Search Parameter for a practitioner's Leave Type",
  "status" : "active",
  "date" : "2023-06-05T15:57:19+03:00",
  "publisher" : "Luke Duncan",
  "contact" : [{
    "name" : "Luke Duncan",
    "telecom" : [{
      "system" : "email",
      "value" : "lduncan@intrahealth.org"
    }]
  }],
  "description" : "Search for a practitioner's Leave Type.",
  "code" : "leavetype",
  "base" : ["Basic"],
  "type" : "token",
  "expression" : "Basic.extension.where(url='http://ihris.org/fhir/StructureDefinition/ihris-ethiopia-leavea').extension.where(url='leave-type')",
  "xpathUsage" : "normal"
}