{"resourceType":"Library","id":"ihris-module-example","meta":{"profile":["http://ihris.org/fhir/StructureDefinition/ihris-module"]},"url":"http://ihris.org/fhir/Library/ihris-module-example","version":"0.1.0","name":"ihris-example","title":"iHRIS Example Module","status":"active","type":{"coding":[{"code":"logic-library"}]},"date":"2023-06-05T15:57:19+03:00","publisher":"Luke Duncan","contact":[{"name":"Luke Duncan","telecom":[{"system":"email","value":"lduncan@intrahealth.org"}]}],"author":[{"name":"Test Author","telecom":[{"system":"email","value":"test@ihris.org"}]}],"content":[{"contentType":"text/x-sig","data":"TEST","title":"module-signature"},{"contentType":"application/javascript","data":"TEST","title":"module-code"}]}