{"resourceType":"SearchParameter","id":"practitioner-renewrole","text":{"status":"generated","div":"<div xmlns=\"http://www.w3.org/1999/xhtml\"><h2>Search Parameter on  employee id for practitioner</h2><p>Parameter <code>renewrole</code>:<code>string</code></p><div><p>Search by employee ID for a practitioner resource.</p>\n</div><table class=\"grid\"><tr><td>Resource</td><td><a href=\"http://hl7.org/fhir/R4/practitioner.html\">Practitioner</a></td></tr><tr><td>Expression</td><td><code>Practitioner.identifier.where(type.coding.code='PractitionerRole.period.start').value</code></td></tr><tr><td>Processing Mode</td><td>Normal</td></tr><tr><td>Multiples</td><td>The parameter cannot repeat or have multiple values</td></tr></table></div>"},"url":"http://ihris.org/fhir/SearchParameter/practitioner-renewrole","version":"0.1.0","name":"Search Parameter on  employee id for practitioner","status":"active","date":"2023-06-05T15:57:19+03:00","publisher":"Luke Duncan","contact":[{"name":"Luke Duncan","telecom":[{"system":"email","value":"lduncan@intrahealth.org"}]}],"description":"Search by employee ID for a practitioner resource.","code":"renewrole","base":["Practitioner"],"type":"string","expression":"Practitioner.identifier.where(type.coding.code='PractitionerRole.period.start').value","xpathUsage":"normal"}