{"resourceType":"SearchParameter","id":"practitionerrole-related-practitioner","text":{"status":"generated","div":"<div xmlns=\"http://www.w3.org/1999/xhtml\"><h2>Search Parameter on related practitioner resources for security</h2><p>Parameter <code>related-practitioner</code>:<code>string</code></p><div><p>Search by related practitioner for a PractitionerRole resource.</p>\n</div><table class=\"grid\"><tr><td>Resource</td><td><a href=\"http://hl7.org/fhir/R4/practitionerrole.html\">PractitionerRole</a></td></tr><tr><td>Expression</td><td><code>PractitionerRole.extension('http://ihris.org/fhir/StructureDefinition/ihris-related-group').extension('practitioner')</code></td></tr><tr><td>Processing Mode</td><td>Normal</td></tr><tr><td>Multiples</td><td>The parameter cannot repeat or have multiple values</td></tr></table></div>"},"url":"http://ihris.org/fhir/SearchParameter/practitionerrole-related-practitioner","version":"0.1.0","name":"Search Parameter on related practitioner resources for security","status":"active","date":"2023-06-05T15:57:19+03:00","publisher":"Luke Duncan","contact":[{"name":"Luke Duncan","telecom":[{"system":"email","value":"lduncan@intrahealth.org"}]}],"description":"Search by related practitioner for a PractitionerRole resource.","code":"related-practitioner","base":["PractitionerRole"],"type":"string","expression":"PractitionerRole.extension('http://ihris.org/fhir/StructureDefinition/ihris-related-group').extension('practitioner')","xpathUsage":"normal"}