{"resourceType":"SearchParameter","id":"basic-location-constraint","text":{"status":"generated","div":"<div xmlns=\"http://www.w3.org/1999/xhtml\"><h2>Search Parameter on related location constraint resources for role</h2><p>Parameter <code>locationconstraint</code>:<code>string</code></p><div><p>Search by related location for a Basic resource Role.</p>\n</div><table class=\"grid\"><tr><td>Resource</td><td><a href=\"http://hl7.org/fhir/R4/basic.html\">Basic</a></td></tr><tr><td>Expression</td><td><code>Basic.extension('http://ihris.org/fhir/StructureDefinition/ihris-task').extension('constraint')</code></td></tr><tr><td>Processing Mode</td><td>Normal</td></tr><tr><td>Multiples</td><td>The parameter cannot repeat or have multiple values</td></tr></table></div>"},"url":"http://ihris.org/fhir/SearchParameter/basic-related-location","version":"0.1.0","name":"Search Parameter on related location constraint resources for role","status":"active","date":"2023-06-05T15:57:19+03:00","publisher":"Luke Duncan","contact":[{"name":"Luke Duncan","telecom":[{"system":"email","value":"lduncan@intrahealth.org"}]}],"description":"Search by related location for a Basic resource Role.","code":"locationconstraint","base":["Basic"],"type":"string","expression":"Basic.extension('http://ihris.org/fhir/StructureDefinition/ihris-task').extension('constraint')","xpathUsage":"normal"}