{"resourceType":"ValueSet","id":"ihris-resource-valueset","text":{"status":"generated","div":"<div xmlns=\"http://www.w3.org/1999/xhtml\"><ul><li>Include all codes defined in <a href=\"CodeSystem-ihris-resource-codesystem.html\"><code>http://ihris.org/fhir/CodeSystem/ihris-resource-codesystem</code></a></li></ul></div>"},"url":"http://ihris.org/fhir/ValueSet/ihris-resource-valueset","version":"0.1.0","name":"IhrisResourceValueSet","title":"Value Set for iHRIS Basic Resources.","status":"active","date":"2023-06-05T15:57:19+03:00","publisher":"Luke Duncan","contact":[{"name":"Luke Duncan","telecom":[{"system":"email","value":"lduncan@intrahealth.org"}]}],"compose":{"include":[{"system":"http://ihris.org/fhir/CodeSystem/ihris-resource-codesystem"}]}}