{"resourceType":"ValueSet","id":"ihris-jurisdiction-type","text":{"status":"generated","div":"<div xmlns=\"http://www.w3.org/1999/xhtml\"><ul><li>Include all codes defined in <a href=\"CodeSystem-ihris-jurisdiction-type.html\"><code>http://ihris.org/fhir/CodeSystem/ihris-jurisdiction-type</code></a></li></ul></div>"},"url":"http://ihris.org/fhir/ValueSet/ihris-jurisdiction-type","version":"0.1.0","name":"IhrisJurisdictionType","title":"iHRIS Jurisdiction Type ValueSet","status":"active","date":"2020-11-12T08:41:04.362Z","publisher":"Luke Duncan","contact":[{"name":"Luke Duncan","telecom":[{"system":"email","value":"lduncan@intrahealth.org"}]}],"compose":{"include":[{"system":"http://ihris.org/fhir/CodeSystem/ihris-jurisdiction-type"}]}}