{"resourceType":"ValueSet","id":"ihris-task-permission","text":{"status":"generated","div":"<div xmlns=\"http://www.w3.org/1999/xhtml\"><ul><li>Include all codes defined in <a href=\"CodeSystem-ihris-task-permission.html\"><code>http://ihris.org/fhir/CodeSystem/ihris-task-permission</code></a></li></ul></div>"},"url":"http://ihris.org/fhir/ValueSet/ihris-task-permission","version":"0.1.0","name":"IhrisTaskPermissionValueSet","title":"Code system for task permissions.","status":"active","date":"2021-03-26T09:25:04.362Z","publisher":"Luke Duncan","contact":[{"name":"Luke Duncan","telecom":[{"system":"email","value":"lduncan@intrahealth.org"}]}],"compose":{"include":[{"system":"http://ihris.org/fhir/CodeSystem/ihris-task-permission"}]}}