{"resourceType":"ValueSet","id":"ihris-relation-valueset","text":{"status":"generated","div":"<div xmlns=\"http://www.w3.org/1999/xhtml\"><ul><li>Include all codes defined in <a href=\"CodeSystem-ihris-relation-codesystem.html\"><code>http://ihris.org/fhir/CodeSystem/ihris-relation-codesystem</code></a></li></ul></div>"},"url":"http://ihris.org/fhir/ValueSet/ihris-relation-valueset","version":"0.1.0","name":"IhrisRelationValueSet","title":"iHRIS Relationship ValueSet","status":"active","date":"2020-10-29T08:41:04.362Z","publisher":"Luke Duncan","contact":[{"name":"Luke Duncan","telecom":[{"system":"email","value":"lduncan@intrahealth.org"}]}],"compose":{"include":[{"system":"http://ihris.org/fhir/CodeSystem/ihris-relation-codesystem"}]}}