{"resourceType":"ValueSet","id":"ihris-Facility-identifier-valueset","text":{"status":"generated","div":"<div xmlns=\"http://www.w3.org/1999/xhtml\"><ul><li>Include all codes defined in <a href=\"CodeSystem-ihris-Facility-identifier.html\"><code>http://ihris.org/fhir/CodeSystem/ihris-Facility-identifier</code></a></li></ul></div>"},"url":"http://ihris.org/fhir/ValueSet/ihris-Facility-identifier-valueset","version":"0.1.0","name":"IhrisFacilityIdentifierValueSet","title":"iHRIS facility Identifier ValueSet","status":"active","date":"2022-02-13T08:41:04.362Z","publisher":"Luke Duncan","contact":[{"name":"Luke Duncan","telecom":[{"system":"email","value":"lduncan@intrahealth.org"}]}],"compose":{"include":[{"system":"http://ihris.org/fhir/CodeSystem/ihris-Facility-identifier"}]}}