{
  "resourceType" : "Basic",
  "id" : "ihris-page-role",
  "meta" : {
    "profile" : ["http://ihris.org/fhir/StructureDefinition/ihris-page"]
  },
  "text" : {
    "status" : "extensions",
    "div" : "<div xmlns=\"http://www.w3.org/1999/xhtml\"><p><b>Generated Narrative: Basic</b><a name=\"ihris-page-role\"> </a></p><div style=\"display: inline-block; background-color: #d9e0e7; padding: 6px; margin: 4px; border: 1px solid #8da1b4; border-radius: 5px; line-height: 60%\"><p style=\"margin-bottom: 0px\">Resource Basic &quot;ihris-page-role&quot; </p><p style=\"margin-bottom: 0px\">Profile: <a href=\"StructureDefinition-ihris-page.html\">iHRIS Page</a></p></div><blockquote><p><b>iHRIS Page Display</b></p><blockquote><p><b>url</b></p><code>resource</code></blockquote><p><b>value</b>: <a href=\"StructureDefinition-ihris-role.html\">StructureDefinition/ihris-role</a> &quot;IhrisRole&quot;</p><blockquote><p><b>url</b></p><code>search</code></blockquote><p><b>value</b>: Id|Basic.id</p><p><b>url</b>: <code>/resource/view/basic</code></p><blockquote><p><b>url</b></p><code>link</code></blockquote><p><b>url</b>: <code>/questionnaire/ihris-role/role</code></p><blockquote><p><b>url</b></p><code>add</code></blockquote><blockquote><p><b>url</b></p><code>search</code></blockquote><p><b>value</b>: Name|Basic.extension.where(url='http://ihris.org/fhir/StructureDefinition/ihris-basic-name').valueString</p><blockquote><p><b>url</b></p><code>search</code></blockquote><p><b>value</b>: Role Reference|Basic.extension.where(url='http://ihris.org/fhir/StructureDefinition/ihris-assign-role').valueReference.reference</p><blockquote><p><b>url</b></p><code>filter</code></blockquote><p><b>value</b>: Role|Basic.extension:id:contains</p></blockquote><blockquote><p><b>iHRIS Page Section</b></p><blockquote><p><b>url</b></p><code>title</code></blockquote><p><b>value</b>: Role</p><blockquote><p><b>url</b></p><code>description</code></blockquote><p><b>value</b>: System User Role details</p><blockquote><p><b>url</b></p><code>name</code></blockquote><p><b>value</b>: Basic</p><blockquote><p><b>url</b></p><code>field</code></blockquote><p><b>value</b>: Basic.extension:name.value[x]:valueString</p><blockquote><p><b>url</b></p><code>field</code></blockquote><p><b>value</b>: Basic.extension:role.value[x]:valueReference</p><blockquote><p><b>url</b></p><code>field</code></blockquote><p><b>value</b>: Basic.extension:task.value[x]:valueReference</p><blockquote><p><b>url</b></p><code>field</code></blockquote><p><b>value</b>: Basic.extension:primary.value[x]:valueBoolean</p></blockquote><p><b>code</b>: iHRIS Page <span style=\"background: LightGoldenRodYellow; margin: 4px; border: 1px solid khaki\"> (<a href=\"CodeSystem-ihris-resource-codesystem.html\">Code System for iHRIS Basic Resources.</a>#page)</span></p></div>"
  },
  "extension" : [{
    "extension" : [{
      "url" : "resource",
      "valueReference" : {
        "reference" : "StructureDefinition/ihris-role"
      }
    },
    {
      "url" : "search",
      "valueString" : "Id|Basic.id"
    },
    {
      "extension" : [{
        "url" : "field",
        "valueString" : ""
      },
      {
        "url" : "url",
        "valueUrl" : "/resource/view/basic"
      },
      {
        "url" : "text",
        "valueString" : "View Other Roles"
      },
      {
        "url" : "button",
        "valueBoolean" : true
      },
      {
        "url" : "icon",
        "valueString" : "mdi-account-arrow-right"
      }],
      "url" : "link"
    },
    {
      "extension" : [{
        "url" : "url",
        "valueUrl" : "/questionnaire/ihris-role/role"
      },
      {
        "url" : "icon",
        "valueString" : "mdi-account-plus"
      },
      {
        "url" : "class",
        "valueString" : "accent"
      }],
      "url" : "add"
    },
    {
      "url" : "search",
      "valueString" : "Name|Basic.extension.where(url='http://ihris.org/fhir/StructureDefinition/ihris-basic-name').valueString"
    },
    {
      "url" : "search",
      "valueString" : "Role Reference|Basic.extension.where(url='http://ihris.org/fhir/StructureDefinition/ihris-assign-role').valueReference.reference"
    },
    {
      "url" : "filter",
      "valueString" : "Role|Basic.extension:id:contains"
    }],
    "url" : "http://ihris.org/fhir/StructureDefinition/ihris-page-display"
  },
  {
    "extension" : [{
      "url" : "title",
      "valueString" : "Role"
    },
    {
      "url" : "description",
      "valueString" : "System User Role details"
    },
    {
      "url" : "name",
      "valueString" : "Basic"
    },
    {
      "url" : "field",
      "valueString" : "Basic.extension:name.value[x]:valueString"
    },
    {
      "url" : "field",
      "valueString" : "Basic.extension:role.value[x]:valueReference"
    },
    {
      "url" : "field",
      "valueString" : "Basic.extension:task.value[x]:valueReference"
    },
    {
      "url" : "field",
      "valueString" : "Basic.extension:primary.value[x]:valueBoolean"
    }],
    "url" : "http://ihris.org/fhir/StructureDefinition/ihris-page-section"
  }],
  "code" : {
    "coding" : [{
      "system" : "http://ihris.org/fhir/CodeSystem/ihris-resource-codesystem",
      "code" : "page"
    }]
  }
}