{
  "resourceType" : "Basic",
  "id" : "ihris-page-auditevent",
  "meta" : {
    "profile" : ["http://ihris.org/fhir/StructureDefinition/ihris-page"]
  },
  "text" : {
    "status" : "extensions",
    "div" : "<div xmlns=\"http://www.w3.org/1999/xhtml\"><p><b>Generated Narrative: Basic</b><a name=\"ihris-page-auditevent\"> </a></p><div style=\"display: inline-block; background-color: #d9e0e7; padding: 6px; margin: 4px; border: 1px solid #8da1b4; border-radius: 5px; line-height: 60%\"><p style=\"margin-bottom: 0px\">Resource Basic &quot;ihris-page-auditevent&quot; </p><p style=\"margin-bottom: 0px\">Profile: <a href=\"StructureDefinition-ihris-page.html\">iHRIS Page</a></p></div><blockquote><p><b>iHRIS Page Display</b></p><blockquote><p><b>url</b></p><code>resource</code></blockquote><p><b>value</b>: <a href=\"StructureDefinition-ihris-auditevent.html\">StructureDefinition/ihris-auditevent</a> &quot;IhrisAuditEvent&quot;</p><blockquote><p><b>url</b></p><code>search</code></blockquote><p><b>value</b>: Id|AuditEvent.id</p><blockquote><p><b>url</b></p><code>search</code></blockquote><p><b>value</b>: User AltId|AuditEvent.agent.altId</p><blockquote><p><b>url</b></p><code>search</code></blockquote><p><b>value</b>: User|AuditEvent.agent.name</p><blockquote><p><b>url</b></p><code>search</code></blockquote><p><b>value</b>: Action|AuditEvent.subtype.display</p><blockquote><p><b>url</b></p><code>search</code></blockquote><p><b>value</b>: Resource|AuditEvent.entity.what.reference</p><blockquote><p><b>url</b></p><code>search</code></blockquote><p><b>value</b>: Outcome|AuditEvent.outcome</p><blockquote><p><b>url</b></p><code>search</code></blockquote><p><b>value</b>: Resource(If Error)|AuditEvent.entity.detail.where(type='resource').valueString</p><blockquote><p><b>url</b></p><code>search</code></blockquote><p><b>value</b>: Error|AuditEvent.entity.detail.where(type='error').valueString</p><blockquote><p><b>url</b></p><code>search</code></blockquote><p><b>value</b>: Time/Date|AuditEvent.recorded</p><blockquote><p><b>url</b></p><code>filter</code></blockquote><p><b>value</b>: Action|subtype|http://dicom.nema.org/resources/ontology/DCM</p><blockquote><p><b>url</b></p><code>filter</code></blockquote><p><b>value</b>: User AltId|altid</p><blockquote><p><b>url</b></p><code>filter</code></blockquote><p><b>value</b>: User|agent-name:contains</p><blockquote><p><b>url</b></p><code>filter</code></blockquote><p><b>value</b>: Date|date</p></blockquote><blockquote><p><b>iHRIS Page Section</b></p><blockquote><p><b>url</b></p><code>title</code></blockquote><p><b>value</b>: Audit Events/Logs</p><blockquote><p><b>url</b></p><code>description</code></blockquote><p><b>value</b>: System Logs details</p><blockquote><p><b>url</b></p><code>name</code></blockquote><p><b>value</b>: AuditEvent</p><blockquote><p><b>url</b></p><code>field</code></blockquote><p><b>value</b>: AuditEvent.agent.altIdd</p><blockquote><p><b>url</b></p><code>field</code></blockquote><p><b>value</b>: AuditEvent.agent.name</p><blockquote><p><b>url</b></p><code>field</code></blockquote><p><b>value</b>: AuditEvent.subtype.display</p><blockquote><p><b>url</b></p><code>field</code></blockquote><p><b>value</b>: AuditEvent.entity.what.reference</p><blockquote><p><b>url</b></p><code>field</code></blockquote><p><b>value</b>: AuditEvent.outcome</p><blockquote><p><b>url</b></p><code>field</code></blockquote><p><b>value</b>: AuditEvent.recorded</p></blockquote><p><b>code</b>: iHRIS Page <span style=\"background: LightGoldenRodYellow; margin: 4px; border: 1px solid khaki\"> (<a href=\"CodeSystem-ihris-resource-codesystem.html\">Code System for iHRIS Basic Resources.</a>#page)</span></p></div>"
  },
  "extension" : [{
    "extension" : [{
      "url" : "resource",
      "valueReference" : {
        "reference" : "StructureDefinition/ihris-auditevent"
      }
    },
    {
      "url" : "search",
      "valueString" : "Id|AuditEvent.id"
    },
    {
      "url" : "search",
      "valueString" : "User AltId|AuditEvent.agent.altId"
    },
    {
      "url" : "search",
      "valueString" : "User|AuditEvent.agent.name"
    },
    {
      "url" : "search",
      "valueString" : "Action|AuditEvent.subtype.display"
    },
    {
      "url" : "search",
      "valueString" : "Resource|AuditEvent.entity.what.reference"
    },
    {
      "url" : "search",
      "valueString" : "Outcome|AuditEvent.outcome"
    },
    {
      "url" : "search",
      "valueString" : "Resource(If Error)|AuditEvent.entity.detail.where(type='resource').valueString"
    },
    {
      "url" : "search",
      "valueString" : "Error|AuditEvent.entity.detail.where(type='error').valueString"
    },
    {
      "url" : "search",
      "valueString" : "Time/Date|AuditEvent.recorded"
    },
    {
      "url" : "filter",
      "valueString" : "Action|subtype|http://dicom.nema.org/resources/ontology/DCM"
    },
    {
      "url" : "filter",
      "valueString" : "User AltId|altid"
    },
    {
      "url" : "filter",
      "valueString" : "User|agent-name:contains"
    },
    {
      "url" : "filter",
      "valueString" : "Date|date"
    }],
    "url" : "http://ihris.org/fhir/StructureDefinition/ihris-page-display"
  },
  {
    "extension" : [{
      "url" : "title",
      "valueString" : "Audit Events/Logs"
    },
    {
      "url" : "description",
      "valueString" : "System Logs details"
    },
    {
      "url" : "name",
      "valueString" : "AuditEvent"
    },
    {
      "url" : "field",
      "valueString" : "AuditEvent.agent.altIdd"
    },
    {
      "url" : "field",
      "valueString" : "AuditEvent.agent.name"
    },
    {
      "url" : "field",
      "valueString" : "AuditEvent.subtype.display"
    },
    {
      "url" : "field",
      "valueString" : "AuditEvent.entity.what.reference"
    },
    {
      "url" : "field",
      "valueString" : "AuditEvent.outcome"
    },
    {
      "url" : "field",
      "valueString" : "AuditEvent.recorded"
    }],
    "url" : "http://ihris.org/fhir/StructureDefinition/ihris-page-section"
  }],
  "code" : {
    "coding" : [{
      "system" : "http://ihris.org/fhir/CodeSystem/ihris-resource-codesystem",
      "code" : "page"
    }]
  }
}