<?xml version="1.0" encoding="UTF-8"?>

<Basic xmlns="http://hl7.org/fhir">
  <id value="ihris-page-auditevent"/>
  <meta>
    <profile value="http://ihris.org/fhir/StructureDefinition/ihris-page"/>
  </meta>
  <text>
    <status value="extensions"/><div xmlns="http://www.w3.org/1999/xhtml"><p><b>Generated Narrative: Basic</b><a name="ihris-page-auditevent"> </a></p><div style="display: inline-block; background-color: #d9e0e7; padding: 6px; margin: 4px; border: 1px solid #8da1b4; border-radius: 5px; line-height: 60%"><p style="margin-bottom: 0px">Resource Basic &quot;ihris-page-auditevent&quot; </p><p style="margin-bottom: 0px">Profile: <a href="StructureDefinition-ihris-page.html">iHRIS Page</a></p></div><blockquote><p><b>iHRIS Page Display</b></p><blockquote><p><b>url</b></p><code>resource</code></blockquote><p><b>value</b>: <a href="StructureDefinition-ihris-auditevent.html">StructureDefinition/ihris-auditevent</a> &quot;IhrisAuditEvent&quot;</p><blockquote><p><b>url</b></p><code>search</code></blockquote><p><b>value</b>: Id|AuditEvent.id</p><blockquote><p><b>url</b></p><code>search</code></blockquote><p><b>value</b>: User AltId|AuditEvent.agent.altId</p><blockquote><p><b>url</b></p><code>search</code></blockquote><p><b>value</b>: User|AuditEvent.agent.name</p><blockquote><p><b>url</b></p><code>search</code></blockquote><p><b>value</b>: Action|AuditEvent.subtype.display</p><blockquote><p><b>url</b></p><code>search</code></blockquote><p><b>value</b>: Resource|AuditEvent.entity.what.reference</p><blockquote><p><b>url</b></p><code>search</code></blockquote><p><b>value</b>: Outcome|AuditEvent.outcome</p><blockquote><p><b>url</b></p><code>search</code></blockquote><p><b>value</b>: Resource(If Error)|AuditEvent.entity.detail.where(type='resource').valueString</p><blockquote><p><b>url</b></p><code>search</code></blockquote><p><b>value</b>: Error|AuditEvent.entity.detail.where(type='error').valueString</p><blockquote><p><b>url</b></p><code>search</code></blockquote><p><b>value</b>: Time/Date|AuditEvent.recorded</p><blockquote><p><b>url</b></p><code>filter</code></blockquote><p><b>value</b>: Action|subtype|http://dicom.nema.org/resources/ontology/DCM</p><blockquote><p><b>url</b></p><code>filter</code></blockquote><p><b>value</b>: User AltId|altid</p><blockquote><p><b>url</b></p><code>filter</code></blockquote><p><b>value</b>: User|agent-name:contains</p><blockquote><p><b>url</b></p><code>filter</code></blockquote><p><b>value</b>: Date|date</p></blockquote><blockquote><p><b>iHRIS Page Section</b></p><blockquote><p><b>url</b></p><code>title</code></blockquote><p><b>value</b>: Audit Events/Logs</p><blockquote><p><b>url</b></p><code>description</code></blockquote><p><b>value</b>: System Logs details</p><blockquote><p><b>url</b></p><code>name</code></blockquote><p><b>value</b>: AuditEvent</p><blockquote><p><b>url</b></p><code>field</code></blockquote><p><b>value</b>: AuditEvent.agent.altIdd</p><blockquote><p><b>url</b></p><code>field</code></blockquote><p><b>value</b>: AuditEvent.agent.name</p><blockquote><p><b>url</b></p><code>field</code></blockquote><p><b>value</b>: AuditEvent.subtype.display</p><blockquote><p><b>url</b></p><code>field</code></blockquote><p><b>value</b>: AuditEvent.entity.what.reference</p><blockquote><p><b>url</b></p><code>field</code></blockquote><p><b>value</b>: AuditEvent.outcome</p><blockquote><p><b>url</b></p><code>field</code></blockquote><p><b>value</b>: AuditEvent.recorded</p></blockquote><p><b>code</b>: iHRIS Page <span style="background: LightGoldenRodYellow; margin: 4px; border: 1px solid khaki"> (<a href="CodeSystem-ihris-resource-codesystem.html">Code System for iHRIS Basic Resources.</a>#page)</span></p></div>
  </text>
  <extension url="http://ihris.org/fhir/StructureDefinition/ihris-page-display">
    <extension url="resource">
      <valueReference>
        <reference value="StructureDefinition/ihris-auditevent"/>
      </valueReference>
    </extension>
    <extension url="search">
      <valueString value="Id|AuditEvent.id"/>
    </extension>
    <extension url="search">
      <valueString value="User AltId|AuditEvent.agent.altId"/>
    </extension>
    <extension url="search">
      <valueString value="User|AuditEvent.agent.name"/>
    </extension>
    <extension url="search">
      <valueString value="Action|AuditEvent.subtype.display"/>
    </extension>
    <extension url="search">
      <valueString value="Resource|AuditEvent.entity.what.reference"/>
    </extension>
    <extension url="search">
      <valueString value="Outcome|AuditEvent.outcome"/>
    </extension>
    <extension url="search">
      <valueString value="Resource(If Error)|AuditEvent.entity.detail.where(type='resource').valueString"/>
    </extension>
    <extension url="search">
      <valueString value="Error|AuditEvent.entity.detail.where(type='error').valueString"/>
    </extension>
    <extension url="search">
      <valueString value="Time/Date|AuditEvent.recorded"/>
    </extension>
    <extension url="filter">
      <valueString value="Action|subtype|http://dicom.nema.org/resources/ontology/DCM"/>
    </extension>
    <extension url="filter">
      <valueString value="User AltId|altid"/>
    </extension>
    <extension url="filter">
      <valueString value="User|agent-name:contains"/>
    </extension>
    <extension url="filter">
      <valueString value="Date|date"/>
    </extension>
  </extension>
  <extension url="http://ihris.org/fhir/StructureDefinition/ihris-page-section">
    <extension url="title">
      <valueString value="Audit Events/Logs"/>
    </extension>
    <extension url="description">
      <valueString value="System Logs details"/>
    </extension>
    <extension url="name">
      <valueString value="AuditEvent"/>
    </extension>
    <extension url="field">
      <valueString value="AuditEvent.agent.altIdd"/>
    </extension>
    <extension url="field">
      <valueString value="AuditEvent.agent.name"/>
    </extension>
    <extension url="field">
      <valueString value="AuditEvent.subtype.display"/>
    </extension>
    <extension url="field">
      <valueString value="AuditEvent.entity.what.reference"/>
    </extension>
    <extension url="field">
      <valueString value="AuditEvent.outcome"/>
    </extension>
    <extension url="field">
      <valueString value="AuditEvent.recorded"/>
    </extension>
  </extension>
  <code>
    <coding>
      <system value="http://ihris.org/fhir/CodeSystem/ihris-resource-codesystem"/>
      <code value="page"/>
    </coding>
  </code>
</Basic>