{
  "resourceType" : "CodeSystem",
  "id" : "ihris-relation-codesystem",
  "text" : {
    "status" : "generated",
    "div" : "<div xmlns=\"http://www.w3.org/1999/xhtml\"><p>This code system <code>http://ihris.org/fhir/CodeSystem/ihris-relation-codesystem</code> defines the following codes:</p><table class=\"codes\"><tr><td style=\"white-space:nowrap\"><b>Code</b></td><td><b>Display</b></td><td><b>Definition</b></td></tr><tr><td style=\"white-space:nowrap\">spouse<a name=\"ihris-relation-codesystem-spouse\"> </a></td><td>Spouse</td><td>Spouse</td></tr><tr><td style=\"white-space:nowrap\">mother<a name=\"ihris-relation-codesystem-mother\"> </a></td><td>Mother</td><td>Mother</td></tr><tr><td style=\"white-space:nowrap\">father<a name=\"ihris-relation-codesystem-father\"> </a></td><td>Father</td><td>Father</td></tr><tr><td style=\"white-space:nowrap\">adoptedchild<a name=\"ihris-relation-codesystem-adoptedchild\"> </a></td><td>Adopted Child</td><td>Adopted Child</td></tr><tr><td style=\"white-space:nowrap\">bilogicalChild<a name=\"ihris-relation-codesystem-bilogicalChild\"> </a></td><td>Biological Child</td><td>Biological Child</td></tr><tr><td style=\"white-space:nowrap\">other<a name=\"ihris-relation-codesystem-other\"> </a></td><td>other</td><td>other</td></tr></table></div>"
  },
  "url" : "http://ihris.org/fhir/CodeSystem/ihris-relation-codesystem",
  "version" : "0.1.0",
  "name" : "IhrisRelationCodesystem",
  "title" : "Relationship",
  "status" : "active",
  "date" : "2020-10-29T08:41:04.362Z",
  "publisher" : "Luke Duncan",
  "contact" : [{
    "name" : "Luke Duncan",
    "telecom" : [{
      "system" : "email",
      "value" : "lduncan@intrahealth.org"
    }]
  }],
  "content" : "complete",
  "count" : 6,
  "concept" : [{
    "code" : "spouse",
    "display" : "Spouse",
    "definition" : "Spouse"
  },
  {
    "code" : "mother",
    "display" : "Mother",
    "definition" : "Mother"
  },
  {
    "code" : "father",
    "display" : "Father",
    "definition" : "Father"
  },
  {
    "code" : "adoptedchild",
    "display" : "Adopted Child",
    "definition" : "Adopted Child"
  },
  {
    "code" : "bilogicalChild",
    "display" : "Biological Child",
    "definition" : "Biological Child"
  },
  {
    "code" : "other",
    "display" : "other",
    "definition" : "other"
  }]
}