{
  "resourceType" : "DocumentReference",
  "id" : "page-about",
  "meta" : {
    "profile" : ["http://ihris.org/fhir/StructureDefinition/ihris-document"]
  },
  "text" : {
    "status" : "generated",
    "div" : "<div xmlns=\"http://www.w3.org/1999/xhtml\"><p><b>Generated Narrative: DocumentReference</b><a name=\"page-about\"> </a></p><div style=\"display: inline-block; background-color: #d9e0e7; padding: 6px; margin: 4px; border: 1px solid #8da1b4; border-radius: 5px; line-height: 60%\"><p style=\"margin-bottom: 0px\">Resource DocumentReference &quot;page-about&quot; </p><p style=\"margin-bottom: 0px\">Profile: <a href=\"StructureDefinition-ihris-document.html\">iHRIS Document</a></p></div><p><b>status</b>: current</p><p><b>docStatus</b>: final</p><p><b>category</b>: Open Access <span style=\"background: LightGoldenRodYellow; margin: 4px; border: 1px solid khaki\"> (<a href=\"CodeSystem-ihris-document-category.html\">Code system for document categories.</a>#open)</span></p><p><b>date</b>: Jun 7, 2020, 5:54:00 PM</p><blockquote><p><b>content</b></p><h3>Attachments</h3><table class=\"grid\"><tr><td>-</td><td><b>ContentType</b></td><td><b>Data</b></td><td><b>Title</b></td></tr><tr><td>*</td><td>text/markdown</td><td>IyBBYm91dCBpSFJJUwoKVGhpcyBpcyBhIHRlc3RpbmcgYWJvdXQgcGFnZS4K</td><td>About iHRIS</td></tr></table></blockquote></div>"
  },
  "status" : "current",
  "docStatus" : "final",
  "category" : [{
    "coding" : [{
      "system" : "http://ihris.org/fhir/CodeSystem/ihris-document-category",
      "code" : "open",
      "display" : "Open Access"
    }]
  }],
  "date" : "2020-06-07T14:54:00Z",
  "content" : [{
    "attachment" : {
      "contentType" : "text/markdown",
      "data" : "IyBBYm91dCBpSFJJUwoKVGhpcyBpcyBhIHRlc3RpbmcgYWJvdXQgcGFnZS4K",
      "title" : "About iHRIS"
    }
  }]
}